"iso3","country","nutrient","sev_high","sev_base"
"AFG","Afghanistan","Calcium",97.3603737289113,97.3603737289113
"AFG","Afghanistan","Iron",49.1341931276126,49.1341931276126
"AFG","Afghanistan","Omega-3 fatty acids",97.2809346921209,97.2809346921209
"AFG","Afghanistan","Vitamin A, RAE",85.9662293638005,85.9662293638005
"AFG","Afghanistan","Vitamin B-12",55.2675247003062,55.2675247003062
"AFG","Afghanistan","Zinc",90.04118946502,90.04118946502
"AGO","Angola","Calcium",97.8985667133237,97.8985667133237
"AGO","Angola","Iron",21.7400002511564,21.7400002511564
"AGO","Angola","Omega-3 fatty acids",73.4999098485904,73.4999098485904
"AGO","Angola","Vitamin A, RAE",29.0628412581607,29.0628412581607
"AGO","Angola","Vitamin B-12",34.7997464660938,34.7997464660938
"AGO","Angola","Zinc",22.5921633592521,22.5921633592521
"ALB","Albania","Calcium",0.749675389085679,0.749675389085679
"ALB","Albania","Iron",0.519846279216494,0.519846279216494
"ALB","Albania","Omega-3 fatty acids",89.9484673588343,89.9484673588343
"ALB","Albania","Vitamin A, RAE",0.153766564769376,0.153766564769376
"ALB","Albania","Vitamin B-12",1.61958049738853e-10,1.61958049738853e-10
"ALB","Albania","Zinc",0.00963211597348622,0.00963211597348622
"ARE","United Arab Emirates","Calcium",70.6416315041948,70.6416315041948
"ARE","United Arab Emirates","Iron",0.230483937162453,0.230483937162453
"ARE","United Arab Emirates","Omega-3 fatty acids",41.8721885695936,41.8721885695936
"ARE","United Arab Emirates","Vitamin A, RAE",6.12769731956916,6.12769731956916
"ARE","United Arab Emirates","Vitamin B-12",1.02263444416427,1.02263444416427
"ARE","United Arab Emirates","Zinc",0.00355772033367984,0.00355772033367984
"ARG","Argentina","Calcium",95.0400660071652,95.0400660071652
"ARG","Argentina","Iron",3.02092311860439,3.02092311860439
"ARG","Argentina","Omega-3 fatty acids",89.2274919740412,89.2274919740412
"ARG","Argentina","Vitamin A, RAE",2.73764247545739e-16,2.73764247545739e-16
"ARG","Argentina","Vitamin B-12",0,0
"ARG","Argentina","Zinc",1.4017750585444e-05,1.4017750585444e-05
"ARM","Armenia","Calcium",47.1418576698676,47.1418576698676
"ARM","Armenia","Iron",1.33198689730784,1.33198689730784
"ARM","Armenia","Omega-3 fatty acids",80.0103796271287,80.0103796271287
"ARM","Armenia","Vitamin A, RAE",0.0143927435199068,0.0143927435199068
"ARM","Armenia","Vitamin B-12",6.53277774540498e-18,6.53277774540498e-18
"ARM","Armenia","Zinc",0.196713548097615,0.196713548097615
"ATG","Antigua & Barbuda","Calcium",78.9899001298574,78.9899001298574
"ATG","Antigua & Barbuda","Iron",10.3609418813338,10.3609418813338
"ATG","Antigua & Barbuda","Omega-3 fatty acids",28.5692626692469,28.5692626692469
"ATG","Antigua & Barbuda","Vitamin A, RAE",0.583566018573797,0.583566018573797
"ATG","Antigua & Barbuda","Vitamin B-12",7.88441119597719e-06,7.88441119597719e-06
"ATG","Antigua & Barbuda","Zinc",18.5125459608423,18.5125459608423
"AUS","Australia","Calcium",55.9587854146662,55.9587854146662
"AUS","Australia","Iron",1.19837349439038,1.19837349439038
"AUS","Australia","Omega-3 fatty acids",45.9424470810527,45.9424470810527
"AUS","Australia","Vitamin A, RAE",1.35100304554712e-11,1.35100304554712e-11
"AUS","Australia","Vitamin B-12",0,0
"AUS","Australia","Zinc",0.000832479907947337,0.000832479907947337
"AUT","Austria","Calcium",62.6547022934165,62.6547022934165
"AUT","Austria","Iron",3.46372080322222,3.46372080322222
"AUT","Austria","Omega-3 fatty acids",77.0138727458614,77.0138727458614
"AUT","Austria","Vitamin A, RAE",35.2175187389551,35.2175187389551
"AUT","Austria","Vitamin B-12",6.10105942343685,6.10105942343685
"AUT","Austria","Zinc",0.0475282852596651,0.0475282852596651
"AZE","Azerbaijan","Calcium",80.9491805280593,80.9491805280593
"AZE","Azerbaijan","Iron",0.346010581842516,0.346010581842516
"AZE","Azerbaijan","Omega-3 fatty acids",89.9484673588343,89.9484673588343
"AZE","Azerbaijan","Vitamin A, RAE",16.0306248687685,16.0306248687685
"AZE","Azerbaijan","Vitamin B-12",0.307072735430979,0.307072735430979
"AZE","Azerbaijan","Zinc",6.476927410155,6.476927410155
"BDI","Burundi","Calcium",99.258666045646,99.258666045646
"BDI","Burundi","Iron",99.1816425904703,99.1816425904703
"BDI","Burundi","Omega-3 fatty acids",89.429543107941,89.429543107941
"BDI","Burundi","Vitamin A, RAE",90.7749190610632,90.7749190610632
"BDI","Burundi","Vitamin B-12",89.9088748113749,89.9088748113749
"BDI","Burundi","Zinc",99.4567231565492,99.4567231565492
"BEL","Belgium","Calcium",62.7721197643076,62.7721197643076
"BEL","Belgium","Iron",3.51933420609437,3.51933420609437
"BEL","Belgium","Omega-3 fatty acids",77.0138727458614,77.0138727458614
"BEL","Belgium","Vitamin A, RAE",35.8083063752476,35.8083063752476
"BEL","Belgium","Vitamin B-12",6.10105942343685,6.10105942343685
"BEL","Belgium","Zinc",0.0514130346646656,0.0514130346646656
"BEN","Benin","Calcium",99.5712564923025,99.5712564923025
"BEN","Benin","Iron",71.120880133409,71.120880133409
"BEN","Benin","Omega-3 fatty acids",49.3324304610131,49.3324304610131
"BEN","Benin","Vitamin A, RAE",24.9802768877872,24.9802768877872
"BEN","Benin","Vitamin B-12",55.5159204808334,55.5159204808334
"BEN","Benin","Zinc",74.1229165204211,74.1229165204211
"BFA","Burkina Faso","Calcium",99.7473431157491,99.7473431157491
"BFA","Burkina Faso","Iron",18.6657932980406,18.6657932980406
"BFA","Burkina Faso","Omega-3 fatty acids",78.0823318646616,78.0823318646616
"BFA","Burkina Faso","Vitamin A, RAE",85.123633189717,85.123633189717
"BFA","Burkina Faso","Vitamin B-12",49.7010618484294,49.7010618484294
"BFA","Burkina Faso","Zinc",31.3214477143481,31.3214477143481
"BGD","Bangladesh","Calcium",97.9267355163049,97.9267355163049
"BGD","Bangladesh","Iron",48.5130214370726,48.5130214370726
"BGD","Bangladesh","Omega-3 fatty acids",13.0660363015838,13.0660363015838
"BGD","Bangladesh","Vitamin A, RAE",84.7731398156616,84.7731398156616
"BGD","Bangladesh","Vitamin B-12",60.9480395379353,60.9480395379353
"BGD","Bangladesh","Zinc",20.3295442358618,20.3295442358618
"BGR","Bulgaria","Calcium",62.8123108195501,62.8123108195501
"BGR","Bulgaria","Iron",3.85696704283638,3.85696704283638
"BGR","Bulgaria","Omega-3 fatty acids",77.0138727458614,77.0138727458614
"BGR","Bulgaria","Vitamin A, RAE",35.8652045690509,35.8652045690509
"BGR","Bulgaria","Vitamin B-12",6.10105942343685,6.10105942343685
"BGR","Bulgaria","Zinc",0.0437108309297659,0.0437108309297659
"BHR","Bahrain","Calcium",97.0996031188629,97.0996031188629
"BHR","Bahrain","Iron",96.2196236875094,96.2196236875094
"BHR","Bahrain","Omega-3 fatty acids",94.5804715408895,94.5804715408895
"BHR","Bahrain","Vitamin A, RAE",92.7757787984383,92.7757787984383
"BHR","Bahrain","Vitamin B-12",84.2858185065084,84.2858185065084
"BHR","Bahrain","Zinc",95.0916188584872,95.0916188584872
"BHS","Bahamas","Calcium",88.2828409789529,88.2828409789529
"BHS","Bahamas","Iron",21.4730628664145,21.4730628664145
"BHS","Bahamas","Omega-3 fatty acids",80.8681690426391,80.8681690426391
"BHS","Bahamas","Vitamin A, RAE",30.057363072546,30.057363072546
"BHS","Bahamas","Vitamin B-12",2.07396613428,2.07396613428
"BHS","Bahamas","Zinc",13.2654437891809,13.2654437891809
"BIH","Bosnia & Herzegovina","Calcium",52.2568629083819,52.2568629083819
"BIH","Bosnia & Herzegovina","Iron",0.897493128146052,0.897493128146052
"BIH","Bosnia & Herzegovina","Omega-3 fatty acids",87.842754457564,87.842754457564
"BIH","Bosnia & Herzegovina","Vitamin A, RAE",0.31217198051957,0.31217198051957
"BIH","Bosnia & Herzegovina","Vitamin B-12",0.394432227239644,0.394432227239644
"BIH","Bosnia & Herzegovina","Zinc",0.013429349034419,0.013429349034419
"BLR","Belarus","Calcium",69.2388941686403,69.2388941686403
"BLR","Belarus","Iron",3.19867313336307,3.19867313336307
"BLR","Belarus","Omega-3 fatty acids",61.1418609356326,61.1418609356326
"BLR","Belarus","Vitamin A, RAE",0.00145034969127347,0.00145034969127347
"BLR","Belarus","Vitamin B-12",8.29264952362177e-20,8.29264952362177e-20
"BLR","Belarus","Zinc",0.00796399249144229,0.00796399249144229
"BLZ","Belize","Calcium",87.5723413177007,87.5723413177007
"BLZ","Belize","Iron",10.8760230361641,10.8760230361641
"BLZ","Belize","Omega-3 fatty acids",89.1084857055124,89.1084857055124
"BLZ","Belize","Vitamin A, RAE",64.9249513816146,64.9249513816146
"BLZ","Belize","Vitamin B-12",36.9318983515296,36.9318983515296
"BLZ","Belize","Zinc",24.3192925733374,24.3192925733374
"BOL","Bolivia","Calcium",99.7070567561575,99.7070567561575
"BOL","Bolivia","Iron",10.2370230854465,10.2370230854465
"BOL","Bolivia","Omega-3 fatty acids",89.2274919740412,89.2274919740412
"BOL","Bolivia","Vitamin A, RAE",81.4338312359044,81.4338312359044
"BOL","Bolivia","Vitamin B-12",17.0980713223801,17.0980713223801
"BOL","Bolivia","Zinc",1.36708688784012,1.36708688784012
"BRA","Brazil","Calcium",89.1920120282237,89.1920120282237
"BRA","Brazil","Iron",9.85893008876779,9.85893008876779
"BRA","Brazil","Omega-3 fatty acids",77.7594196474071,77.7594196474071
"BRA","Brazil","Vitamin A, RAE",8.56706368069199,8.56706368069199
"BRA","Brazil","Vitamin B-12",1.70209308621448e-16,1.70209308621448e-16
"BRA","Brazil","Zinc",6.19613644267716e-05,6.19613644267716e-05
"BRB","Barbados","Calcium",82.1240843177537,82.1240843177537
"BRB","Barbados","Iron",3.78425408470341,3.78425408470341
"BRB","Barbados","Omega-3 fatty acids",43.4233071413127,43.4233071413127
"BRB","Barbados","Vitamin A, RAE",15.3866544194302,15.3866544194302
"BRB","Barbados","Vitamin B-12",0.274857791583129,0.274857791583129
"BRB","Barbados","Zinc",8.95147995070803,8.95147995070803
"BRN","Brunei","Calcium",91.1666980004362,91.1666980004362
"BRN","Brunei","Iron",0.0276198420163008,0.0276198420163008
"BRN","Brunei","Omega-3 fatty acids",77.2943096267181,77.2943096267181
"BRN","Brunei","Vitamin A, RAE",8.78270639105353,8.78270639105353
"BRN","Brunei","Vitamin B-12",1.84950374471611,1.84950374471611
"BRN","Brunei","Zinc",1.10283390656928,1.10283390656928
"BTN","Bhutan","Calcium",99.3506482820774,99.3506482820774
"BTN","Bhutan","Iron",85.9647051260815,85.9647051260815
"BTN","Bhutan","Omega-3 fatty acids",97.2787344535472,97.2787344535472
"BTN","Bhutan","Vitamin A, RAE",92.6360567278274,92.6360567278274
"BTN","Bhutan","Vitamin B-12",87.8200643843469,87.8200643843469
"BTN","Bhutan","Zinc",89.405322070195,89.405322070195
"BWA","Botswana","Calcium",92.1551586178261,92.1551586178261
"BWA","Botswana","Iron",4.74736778602028,4.74736778602028
"BWA","Botswana","Omega-3 fatty acids",87.7953981536108,87.7953981536108
"BWA","Botswana","Vitamin A, RAE",35.0635640853943,35.0635640853943
"BWA","Botswana","Vitamin B-12",0.0162333373399939,0.0162333373399939
"BWA","Botswana","Zinc",4.56098708769048,4.56098708769048
"CAF","Central African Republic","Calcium",97.7980873234097,97.7980873234097
"CAF","Central African Republic","Iron",92.3160347310571,92.3160347310571
"CAF","Central African Republic","Omega-3 fatty acids",75.667477083407,75.667477083407
"CAF","Central African Republic","Vitamin A, RAE",54.000201110634,54.000201110634
"CAF","Central African Republic","Vitamin B-12",0.0262867657315706,0.0262867657315706
"CAF","Central African Republic","Zinc",89.0832074728374,89.0832074728374
"CAN","Canada","Calcium",73.5265550902836,73.5265550902836
"CAN","Canada","Iron",0.407185973932598,0.407185973932598
"CAN","Canada","Omega-3 fatty acids",51.8245086421176,51.8245086421176
"CAN","Canada","Vitamin A, RAE",10.2776498118806,10.2776498118806
"CAN","Canada","Vitamin B-12",13.8341299124577,13.8341299124577
"CAN","Canada","Zinc",0.0270097197826047,0.0270097197826047
"CHE","Switzerland","Calcium",53.6976606681803,53.6976606681803
"CHE","Switzerland","Iron",2.79211462949784,2.79211462949784
"CHE","Switzerland","Omega-3 fatty acids",58.0363064897497,58.0363064897497
"CHE","Switzerland","Vitamin A, RAE",0.648536066440505,0.648536066440505
"CHE","Switzerland","Vitamin B-12",8.67364631208578e-09,8.67364631208578e-09
"CHE","Switzerland","Zinc",0.0191510861153069,0.0191510861153069
"CHL","Chile","Calcium",97.7935493382824,97.7935493382824
"CHL","Chile","Iron",1.0521784768599,1.0521784768599
"CHL","Chile","Omega-3 fatty acids",82.6110833624419,82.6110833624419
"CHL","Chile","Vitamin A, RAE",18.9734270585313,18.9734270585313
"CHL","Chile","Vitamin B-12",0.00776264629302395,0.00776264629302395
"CHL","Chile","Zinc",0,0
"CHN","China","Calcium",88.4223423403598,88.4223423403598
"CHN","China","Iron",3.83906549381861,3.83906549381861
"CHN","China","Omega-3 fatty acids",11.3984337951261,11.3984337951261
"CHN","China","Vitamin A, RAE",1.01088988705129e-08,1.01088988705129e-08
"CHN","China","Vitamin B-12",0.000245394503663152,0.000245394503663152
"CHN","China","Zinc",0.186947975883189,0.186947975883189
"CIV","Côte d’Ivoire","Calcium",99.7789921659549,99.7789921659549
"CIV","Côte d’Ivoire","Iron",59.1056101572518,59.1056101572518
"CIV","Côte d’Ivoire","Omega-3 fatty acids",60.8527728370285,60.8527728370285
"CIV","Côte d’Ivoire","Vitamin A, RAE",51.8052177086338,51.8052177086338
"CIV","Côte d’Ivoire","Vitamin B-12",0.059213007561416,0.059213007561416
"CIV","Côte d’Ivoire","Zinc",72.88614236509,72.88614236509
"CMR","Cameroon","Calcium",96.757839981204,96.757839981204
"CMR","Cameroon","Iron",4.23651963443795,4.23651963443795
"CMR","Cameroon","Omega-3 fatty acids",73.4999098485904,73.4999098485904
"CMR","Cameroon","Vitamin A, RAE",52.6893140233158,52.6893140233158
"CMR","Cameroon","Vitamin B-12",55.0969294398481,55.0969294398481
"CMR","Cameroon","Zinc",1.3695514937664,1.3695514937664
"COD","Congo - Kinshasa","Calcium",99.2586660453614,99.2586660453614
"COD","Congo - Kinshasa","Iron",99.181642608496,99.181642608496
"COD","Congo - Kinshasa","Omega-3 fatty acids",89.429543107941,89.429543107941
"COD","Congo - Kinshasa","Vitamin A, RAE",90.7749190499015,90.7749190499015
"COD","Congo - Kinshasa","Vitamin B-12",89.9088748113749,89.9088748113749
"COD","Congo - Kinshasa","Zinc",99.4567231529956,99.4567231529956
"COG","Congo - Brazzaville","Calcium",98.0224018012692,98.0224018012692
"COG","Congo - Brazzaville","Iron",81.6060407320295,81.6060407320295
"COG","Congo - Brazzaville","Omega-3 fatty acids",42.2318506290926,42.2318506290926
"COG","Congo - Brazzaville","Vitamin A, RAE",71.9734150535984,71.9734150535984
"COG","Congo - Brazzaville","Vitamin B-12",5.92171446456696,5.92171446456696
"COG","Congo - Brazzaville","Zinc",93.7220674214709,93.7220674214709
"COL","Colombia","Calcium",95.4638825345465,95.4638825345465
"COL","Colombia","Iron",13.5627804018977,13.5627804018977
"COL","Colombia","Omega-3 fatty acids",82.6110833624419,82.6110833624419
"COL","Colombia","Vitamin A, RAE",0.259377842638916,0.259377842638916
"COL","Colombia","Vitamin B-12",1.1428800743718e-13,1.1428800743718e-13
"COL","Colombia","Zinc",0.105679050123751,0.105679050123751
"COM","Comoros","Calcium",99.2586660462169,99.2586660462169
"COM","Comoros","Iron",95.791808875236,95.791808875236
"COM","Comoros","Omega-3 fatty acids",89.429543107941,89.429543107941
"COM","Comoros","Vitamin A, RAE",90.7749190605181,90.7749190605181
"COM","Comoros","Vitamin B-12",89.9088748113749,89.9088748113749
"COM","Comoros","Zinc",95.2270251316658,95.2270251316658
"CPV","Cape Verde","Calcium",96.4720749468062,96.4720749468062
"CPV","Cape Verde","Iron",11.0764240954583,11.0764240954583
"CPV","Cape Verde","Omega-3 fatty acids",79.6444093674205,79.6444093674205
"CPV","Cape Verde","Vitamin A, RAE",20.1465261336646,20.1465261336646
"CPV","Cape Verde","Vitamin B-12",51.8125619070525,51.8125619070525
"CPV","Cape Verde","Zinc",9.65574822381208,9.65574822381208
"CRI","Costa Rica","Calcium",71.5268352317864,71.5268352317864
"CRI","Costa Rica","Iron",12.7694240270575,12.7694240270575
"CRI","Costa Rica","Omega-3 fatty acids",67.1566018579341,67.1566018579341
"CRI","Costa Rica","Vitamin A, RAE",36.9521816833429,36.9521816833429
"CRI","Costa Rica","Vitamin B-12",0.115106111388405,0.115106111388405
"CRI","Costa Rica","Zinc",10.2897092311604,10.2897092311604
"CUB","Cuba","Calcium",79.4021054539729,79.4021054539729
"CUB","Cuba","Iron",0.0238735287195793,0.0238735287195793
"CUB","Cuba","Omega-3 fatty acids",88.5196627793777,88.5196627793777
"CUB","Cuba","Vitamin A, RAE",0.136701928355927,0.136701928355927
"CUB","Cuba","Vitamin B-12",6.7673451746785,6.7673451746785
"CUB","Cuba","Zinc",4.62083193293791e-06,4.62083193293791e-06
"CYP","Cyprus","Calcium",62.9113683012414,62.9113683012414
"CYP","Cyprus","Iron",3.65039202667307,3.65039202667307
"CYP","Cyprus","Omega-3 fatty acids",77.0138727458614,77.0138727458614
"CYP","Cyprus","Vitamin A, RAE",35.5795055889167,35.5795055889167
"CYP","Cyprus","Vitamin B-12",6.10105942343685,6.10105942343685
"CYP","Cyprus","Zinc",0.0515949929266195,0.0515949929266195
"CZE","Czechia","Calcium",62.8435627786233,62.8435627786233
"CZE","Czechia","Iron",3.69257863982224,3.69257863982224
"CZE","Czechia","Omega-3 fatty acids",77.0138727458614,77.0138727458614
"CZE","Czechia","Vitamin A, RAE",35.2459719774214,35.2459719774214
"CZE","Czechia","Vitamin B-12",6.10105942343685,6.10105942343685
"CZE","Czechia","Zinc",0.0463999856216605,0.0463999856216605
"DEU","Germany","Calcium",62.4442159044734,62.4442159044734
"DEU","Germany","Iron",3.51407417251705,3.51407417251705
"DEU","Germany","Omega-3 fatty acids",77.0138727458614,77.0138727458614
"DEU","Germany","Vitamin A, RAE",35.0700009980514,35.0700009980514
"DEU","Germany","Vitamin B-12",6.10105942343685,6.10105942343685
"DEU","Germany","Zinc",0.0472513285064324,0.0472513285064324
"DJI","Djibouti","Calcium",97.2487767196503,97.2487767196503
"DJI","Djibouti","Iron",8.14752248511489,8.14752248511489
"DJI","Djibouti","Omega-3 fatty acids",87.7953981536108,87.7953981536108
"DJI","Djibouti","Vitamin A, RAE",73.3111559892579,73.3111559892579
"DJI","Djibouti","Vitamin B-12",33.2395906975823,33.2395906975823
"DJI","Djibouti","Zinc",22.146594633985,22.146594633985
"DMA","Dominica","Calcium",67.475338059326,67.475338059326
"DMA","Dominica","Iron",10.9496370618292,10.9496370618292
"DMA","Dominica","Omega-3 fatty acids",86.2728783525534,86.2728783525534
"DMA","Dominica","Vitamin A, RAE",0.161206579192951,0.161206579192951
"DMA","Dominica","Vitamin B-12",6.31633259394873,6.31633259394873
"DMA","Dominica","Zinc",12.3906655710347,12.3906655710347
"DNK","Denmark","Calcium",62.1247871187982,62.1247871187982
"DNK","Denmark","Iron",3.81646429985944,3.81646429985944
"DNK","Denmark","Omega-3 fatty acids",77.0138727458614,77.0138727458614
"DNK","Denmark","Vitamin A, RAE",35.2281937767642,35.2281937767642
"DNK","Denmark","Vitamin B-12",6.10105942343685,6.10105942343685
"DNK","Denmark","Zinc",0.0513081879382239,0.0513081879382239
"DOM","Dominican Republic","Calcium",81.0695567689388,81.0695567689388
"DOM","Dominican Republic","Iron",12.9103627027239,12.9103627027239
"DOM","Dominican Republic","Omega-3 fatty acids",87.8645380065968,87.8645380065968
"DOM","Dominican Republic","Vitamin A, RAE",0.0161115904565345,0.0161115904565345
"DOM","Dominican Republic","Vitamin B-12",1.12467933972524,1.12467933972524
"DOM","Dominican Republic","Zinc",13.9921403747143,13.9921403747143
"DZA","Algeria","Calcium",60.4015440347647,60.4015440347647
"DZA","Algeria","Iron",0.165706025171583,0.165706025171583
"DZA","Algeria","Omega-3 fatty acids",91.7661958070618,91.7661958070618
"DZA","Algeria","Vitamin A, RAE",30.8393578842592,30.8393578842592
"DZA","Algeria","Vitamin B-12",14.8953924557543,14.8953924557543
"DZA","Algeria","Zinc",2.27211751644505,2.27211751644505
"ECU","Ecuador","Calcium",98.9218783270552,98.9218783270552
"ECU","Ecuador","Iron",12.7961240346235,12.7961240346235
"ECU","Ecuador","Omega-3 fatty acids",84.6042772005384,84.6042772005384
"ECU","Ecuador","Vitamin A, RAE",21.662428393883,21.662428393883
"ECU","Ecuador","Vitamin B-12",6.31839724299185e-07,6.31839724299185e-07
"ECU","Ecuador","Zinc",2.08082405019399,2.08082405019399
"EGY","Egypt","Calcium",87.8166247627713,87.8166247627713
"EGY","Egypt","Iron",0.27674159216,0.27674159216
"EGY","Egypt","Omega-3 fatty acids",28.9054571704715,28.9054571704715
"EGY","Egypt","Vitamin A, RAE",1.62502189829796,1.62502189829796
"EGY","Egypt","Vitamin B-12",1.00488084032491e-10,1.00488084032491e-10
"EGY","Egypt","Zinc",0.0633557044393268,0.0633557044393268
"ERI","Eritrea","Calcium",99.2586654880725,99.2586654880725
"ERI","Eritrea","Iron",95.7915545763602,95.7915545763602
"ERI","Eritrea","Omega-3 fatty acids",89.429543107941,89.429543107941
"ERI","Eritrea","Vitamin A, RAE",90.7749146588437,90.7749146588437
"ERI","Eritrea","Vitamin B-12",89.9073275281819,89.9073275281819
"ERI","Eritrea","Zinc",95.2265652239902,95.2265652239902
"ESH","Western Sahara","Calcium",97.0996031165981,97.0996031165981
"ESH","Western Sahara","Iron",99.3884062088747,99.3884062088747
"ESH","Western Sahara","Omega-3 fatty acids",94.5804715408895,94.5804715408895
"ESH","Western Sahara","Vitamin A, RAE",92.7757788014068,92.7757788014068
"ESH","Western Sahara","Vitamin B-12",84.2858185065084,84.2858185065084
"ESH","Western Sahara","Zinc",99.2480609659851,99.2480609659851
"ESP","Spain","Calcium",63.0259428433216,63.0259428433216
"ESP","Spain","Iron",3.6217725040127,3.6217725040127
"ESP","Spain","Omega-3 fatty acids",77.0138727458614,77.0138727458614
"ESP","Spain","Vitamin A, RAE",35.6864755251666,35.6864755251666
"ESP","Spain","Vitamin B-12",6.10105942343685,6.10105942343685
"ESP","Spain","Zinc",0.0526416877548704,0.0526416877548704
"EST","Estonia","Calcium",62.741263378255,62.741263378255
"EST","Estonia","Iron",3.59674023250571,3.59674023250571
"EST","Estonia","Omega-3 fatty acids",77.0138727458614,77.0138727458614
"EST","Estonia","Vitamin A, RAE",36.0562276673054,36.0562276673054
"EST","Estonia","Vitamin B-12",6.10105942343685,6.10105942343685
"EST","Estonia","Zinc",0.0452703816266641,0.0452703816266641
"ETH","Ethiopia","Calcium",97.7554308411274,97.7554308411274
"ETH","Ethiopia","Iron",28.4793667417515,28.4793667417515
"ETH","Ethiopia","Omega-3 fatty acids",88.6411242754676,88.6411242754676
"ETH","Ethiopia","Vitamin A, RAE",50.226831872409,50.226831872409
"ETH","Ethiopia","Vitamin B-12",60.4696075726314,60.4696075726314
"ETH","Ethiopia","Zinc",12.8520728859312,12.8520728859312
"FIN","Finland","Calcium",62.0923731969118,62.0923731969118
"FIN","Finland","Iron",3.89783605795934,3.89783605795934
"FIN","Finland","Omega-3 fatty acids",77.0138727458614,77.0138727458614
"FIN","Finland","Vitamin A, RAE",35.1327599930734,35.1327599930734
"FIN","Finland","Vitamin B-12",6.10105942343685,6.10105942343685
"FIN","Finland","Zinc",0.0470816249717027,0.0470816249717027
"FJI","Fiji","Calcium",96.636752642095,96.636752642095
"FJI","Fiji","Iron",1.9658787587424,1.9658787587424
"FJI","Fiji","Omega-3 fatty acids",47.6548453283674,47.6548453283674
"FJI","Fiji","Vitamin A, RAE",1.31252521007201,1.31252521007201
"FJI","Fiji","Vitamin B-12",0.00141829815269045,0.00141829815269045
"FJI","Fiji","Zinc",11.9942770416548,11.9942770416548
"FRA","France","Calcium",62.4749676794224,62.4749676794224
"FRA","France","Iron",3.70669631057534,3.70669631057534
"FRA","France","Omega-3 fatty acids",77.0138727458614,77.0138727458614
"FRA","France","Vitamin A, RAE",34.9886287742187,34.9886287742187
"FRA","France","Vitamin B-12",6.10105942343685,6.10105942343685
"FRA","France","Zinc",0.0514676881212669,0.0514676881212669
"FSM","Micronesia (Federated States of)","Calcium",99.4111535513176,99.4111535513176
"FSM","Micronesia (Federated States of)","Iron",97.9967835835586,97.9967835835586
"FSM","Micronesia (Federated States of)","Omega-3 fatty acids",77.2932726913205,77.2932726913205
"FSM","Micronesia (Federated States of)","Vitamin A, RAE",96.6430252873941,96.6430252873941
"FSM","Micronesia (Federated States of)","Vitamin B-12",83.3756998641491,83.3756998641491
"FSM","Micronesia (Federated States of)","Zinc",90.9098308203276,90.9098308203276
"GAB","Gabon","Calcium",96.9954864130102,96.9954864130102
"GAB","Gabon","Iron",5.26068665912557,5.26068665912557
"GAB","Gabon","Omega-3 fatty acids",46.5093526383119,46.5093526383119
"GAB","Gabon","Vitamin A, RAE",11.7402252448277,11.7402252448277
"GAB","Gabon","Vitamin B-12",5.34613013051861e-12,5.34613013051861e-12
"GAB","Gabon","Zinc",8.84711845846463,8.84711845846463
"GBR","United Kingdom","Calcium",57.1723204826476,57.1723204826476
"GBR","United Kingdom","Iron",0.570882258136015,0.570882258136015
"GBR","United Kingdom","Omega-3 fatty acids",64.3088005256135,64.3088005256135
"GBR","United Kingdom","Vitamin A, RAE",4.2346990260393,4.2346990260393
"GBR","United Kingdom","Vitamin B-12",0.182374101793148,0.182374101793148
"GBR","United Kingdom","Zinc",0.00278879582461326,0.00278879582461326
"GEO","Georgia","Calcium",80.101869665793,80.101869665793
"GEO","Georgia","Iron",2.28081732882258,2.28081732882258
"GEO","Georgia","Omega-3 fatty acids",82.8409357655019,82.8409357655019
"GEO","Georgia","Vitamin A, RAE",46.5721346950697,46.5721346950697
"GEO","Georgia","Vitamin B-12",2.50795740384172,2.50795740384172
"GEO","Georgia","Zinc",12.7117616539529,12.7117616539529
"GHA","Ghana","Calcium",99.2933657372735,99.2933657372735
"GHA","Ghana","Iron",0.848811155213026,0.848811155213026
"GHA","Ghana","Omega-3 fatty acids",43.8354603167077,43.8354603167077
"GHA","Ghana","Vitamin A, RAE",33.5043048304334,33.5043048304334
"GHA","Ghana","Vitamin B-12",16.6583669006028,16.6583669006028
"GHA","Ghana","Zinc",0.823629661199079,0.823629661199079
"GIN","Guinea","Calcium",99.8053323090803,99.8053323090803
"GIN","Guinea","Iron",75.3874083258494,75.3874083258494
"GIN","Guinea","Omega-3 fatty acids",74.5999267912641,74.5999267912641
"GIN","Guinea","Vitamin A, RAE",53.1924381991121,53.1924381991121
"GIN","Guinea","Vitamin B-12",10.8201636841016,10.8201636841016
"GIN","Guinea","Zinc",61.7092843742513,61.7092843742513
"GMB","Gambia","Calcium",99.4870642597482,99.4870642597482
"GMB","Gambia","Iron",0.000397447038608855,0.000397447038608855
"GMB","Gambia","Omega-3 fatty acids",55.1251151370093,55.1251151370093
"GMB","Gambia","Vitamin A, RAE",90.8725472866705,90.8725472866705
"GMB","Gambia","Vitamin B-12",50.3119775072095,50.3119775072095
"GMB","Gambia","Zinc",0.0201475609365158,0.0201475609365158
"GNB","Guinea-Bissau","Calcium",99.9432494904486,99.9432494904486
"GNB","Guinea-Bissau","Iron",23.4140443175875,23.4140443175875
"GNB","Guinea-Bissau","Omega-3 fatty acids",84.8451716272653,84.8451716272653
"GNB","Guinea-Bissau","Vitamin A, RAE",89.5124128845467,89.5124128845467
"GNB","Guinea-Bissau","Vitamin B-12",65.1273408290937,65.1273408290937
"GNB","Guinea-Bissau","Zinc",59.4162108066912,59.4162108066912
"GNQ","Equatorial Guinea","Calcium",99.2586654795612,99.2586654795612
"GNQ","Equatorial Guinea","Iron",95.7915566090459,95.7915566090459
"GNQ","Equatorial Guinea","Omega-3 fatty acids",89.429543107941,89.429543107941
"GNQ","Equatorial Guinea","Vitamin A, RAE",90.7749146453487,90.7749146453487
"GNQ","Equatorial Guinea","Vitamin B-12",89.9073275281819,89.9073275281819
"GNQ","Equatorial Guinea","Zinc",95.2265675144713,95.2265675144713
"GRC","Greece","Calcium",62.6938481370851,62.6938481370851
"GRC","Greece","Iron",3.44786280311738,3.44786280311738
"GRC","Greece","Omega-3 fatty acids",77.0138727458614,77.0138727458614
"GRC","Greece","Vitamin A, RAE",35.3318580631897,35.3318580631897
"GRC","Greece","Vitamin B-12",6.10105942343685,6.10105942343685
"GRC","Greece","Zinc",0.0458257372308994,0.0458257372308994
"GRD","Grenada","Calcium",85.9392435366067,85.9392435366067
"GRD","Grenada","Iron",17.1289364116498,17.1289364116498
"GRD","Grenada","Omega-3 fatty acids",73.1529711595451,73.1529711595451
"GRD","Grenada","Vitamin A, RAE",56.612093114871,56.612093114871
"GRD","Grenada","Vitamin B-12",30.0589525059782,30.0589525059782
"GRD","Grenada","Zinc",29.6146114043764,29.6146114043764
"GTM","Guatemala","Calcium",89.0288264781748,89.0288264781748
"GTM","Guatemala","Iron",7.62446747971894,7.62446747971894
"GTM","Guatemala","Omega-3 fatty acids",90.1143216448423,90.1143216448423
"GTM","Guatemala","Vitamin A, RAE",65.8956969157861,65.8956969157861
"GTM","Guatemala","Vitamin B-12",27.3092310467515,27.3092310467515
"GTM","Guatemala","Zinc",7.99681396648402,7.99681396648402
"GUY","Guyana","Calcium",59.039569308642,59.039569308642
"GUY","Guyana","Iron",2.58332203018155,2.58332203018155
"GUY","Guyana","Omega-3 fatty acids",53.2415162246895,53.2415162246895
"GUY","Guyana","Vitamin A, RAE",2.31270001523932e-07,2.31270001523932e-07
"GUY","Guyana","Vitamin B-12",0.242356281488292,0.242356281488292
"GUY","Guyana","Zinc",0.00711411819766454,0.00711411819766454
"HKG","Hong Kong SAR China","Calcium",62.8610431202722,62.8610431202722
"HKG","Hong Kong SAR China","Iron",1.63970557884295,1.63970557884295
"HKG","Hong Kong SAR China","Omega-3 fatty acids",5.46136472052146,5.46136472052146
"HKG","Hong Kong SAR China","Vitamin A, RAE",0,0
"HKG","Hong Kong SAR China","Vitamin B-12",0,0
"HKG","Hong Kong SAR China","Zinc",0.00953754495751765,0.00953754495751765
"HND","Honduras","Calcium",88.6364946569582,88.6364946569582
"HND","Honduras","Iron",20.0196539978957,20.0196539978957
"HND","Honduras","Omega-3 fatty acids",90.1143216448423,90.1143216448423
"HND","Honduras","Vitamin A, RAE",64.4926091841038,64.4926091841038
"HND","Honduras","Vitamin B-12",33.0051975546648,33.0051975546648
"HND","Honduras","Zinc",18.2265905094871,18.2265905094871
"HRV","Croatia","Calcium",62.9721641803162,62.9721641803162
"HRV","Croatia","Iron",3.54699623014993,3.54699623014993
"HRV","Croatia","Omega-3 fatty acids",77.0138727458614,77.0138727458614
"HRV","Croatia","Vitamin A, RAE",35.6890851484639,35.6890851484639
"HRV","Croatia","Vitamin B-12",6.10105942343685,6.10105942343685
"HRV","Croatia","Zinc",0.050826604901433,0.050826604901433
"HTI","Haiti","Calcium",92.5388933786343,92.5388933786343
"HTI","Haiti","Iron",24.5723477841213,24.5723477841213
"HTI","Haiti","Omega-3 fatty acids",89.1084857055124,89.1084857055124
"HTI","Haiti","Vitamin A, RAE",22.7676348450556,22.7676348450556
"HTI","Haiti","Vitamin B-12",60.7344461922382,60.7344461922382
"HTI","Haiti","Zinc",38.0691497605757,38.0691497605757
"HUN","Hungary","Calcium",62.9021716114308,62.9021716114308
"HUN","Hungary","Iron",3.64863259571198,3.64863259571198
"HUN","Hungary","Omega-3 fatty acids",77.0138727458614,77.0138727458614
"HUN","Hungary","Vitamin A, RAE",35.3809925550871,35.3809925550871
"HUN","Hungary","Vitamin B-12",6.10105942343685,6.10105942343685
"HUN","Hungary","Zinc",0.0508261523820881,0.0508261523820881
"IDN","Indonesia","Calcium",98.1833490391179,98.1833490391179
"IDN","Indonesia","Iron",16.0528830645315,16.0528830645315
"IDN","Indonesia","Omega-3 fatty acids",12.871098015083,12.871098015083
"IDN","Indonesia","Vitamin A, RAE",63.4530117862745,63.4530117862745
"IDN","Indonesia","Vitamin B-12",14.4428293981251,14.4428293981251
"IDN","Indonesia","Zinc",12.8163593806589,12.8163593806589
"IND","India","Calcium",95.1183188278519,95.1183188278519
"IND","India","Iron",19.1461945382499,19.1461945382499
"IND","India","Omega-3 fatty acids",73.2049023674646,73.2049023674646
"IND","India","Vitamin A, RAE",73.4211068375445,73.4211068375445
"IND","India","Vitamin B-12",62.8005142824448,62.8005142824448
"IND","India","Zinc",26.398248647432,26.398248647432
"IRL","Ireland","Calcium",62.3070137303163,62.3070137303163
"IRL","Ireland","Iron",3.65430114924819,3.65430114924819
"IRL","Ireland","Omega-3 fatty acids",77.0138727458614,77.0138727458614
"IRL","Ireland","Vitamin A, RAE",34.8044079988565,34.8044079988565
"IRL","Ireland","Vitamin B-12",6.10105942343685,6.10105942343685
"IRL","Ireland","Zinc",0.0558090122482088,0.0558090122482088
"IRN","Iran","Calcium",95.2533089303677,95.2533089303677
"IRN","Iran","Iron",4.25495321011279,4.25495321011279
"IRN","Iran","Omega-3 fatty acids",60.1745488738649,60.1745488738649
"IRN","Iran","Vitamin A, RAE",36.6471566221582,36.6471566221582
"IRN","Iran","Vitamin B-12",3.56244037586147,3.56244037586147
"IRN","Iran","Zinc",20.8842652900188,20.8842652900188
"IRQ","Iraq","Calcium",94.0557692409483,94.0557692409483
"IRQ","Iraq","Iron",3.3559717569676,3.3559717569676
"IRQ","Iraq","Omega-3 fatty acids",87.842754457564,87.842754457564
"IRQ","Iraq","Vitamin A, RAE",82.7704971435465,82.7704971435465
"IRQ","Iraq","Vitamin B-12",59.7286347442622,59.7286347442622
"IRQ","Iraq","Zinc",45.9978335930755,45.9978335930755
"ISL","Iceland","Calcium",7.74162920402759,7.74162920402759
"ISL","Iceland","Iron",0.0587185186100681,0.0587185186100681
"ISL","Iceland","Omega-3 fatty acids",1.45983624616627,1.45983624616627
"ISL","Iceland","Vitamin A, RAE",1.04604672462437,1.04604672462437
"ISL","Iceland","Vitamin B-12",6.27981638647025e-15,6.27981638647025e-15
"ISL","Iceland","Zinc",0,0
"ISR","Israel","Calcium",44.6316494273383,44.6316494273383
"ISR","Israel","Iron",0.0553414004244885,0.0553414004244885
"ISR","Israel","Omega-3 fatty acids",28.9054571704715,28.9054571704715
"ISR","Israel","Vitamin A, RAE",0.471194294737974,0.471194294737974
"ISR","Israel","Vitamin B-12",9.13976905714238e-19,9.13976905714238e-19
"ISR","Israel","Zinc",4.6830211953062e-10,4.6830211953062e-10
"ITA","Italy","Calcium",62.7181713080222,62.7181713080222
"ITA","Italy","Iron",3.72821741702277,3.72821741702277
"ITA","Italy","Omega-3 fatty acids",77.0138727458614,77.0138727458614
"ITA","Italy","Vitamin A, RAE",35.498470152316,35.498470152316
"ITA","Italy","Vitamin B-12",6.10105942343685,6.10105942343685
"ITA","Italy","Zinc",0.0470986396323211,0.0470986396323211
"JAM","Jamaica","Calcium",81.1685330265206,81.1685330265206
"JAM","Jamaica","Iron",2.75051576023187,2.75051576023187
"JAM","Jamaica","Omega-3 fatty acids",61.2515383616561,61.2515383616561
"JAM","Jamaica","Vitamin A, RAE",6.05172434849756e-17,6.05172434849756e-17
"JAM","Jamaica","Vitamin B-12",0.817839006429222,0.817839006429222
"JAM","Jamaica","Zinc",16.8974797941709,16.8974797941709
"JOR","Jordan","Calcium",89.3199381629314,89.3199381629314
"JOR","Jordan","Iron",4.27540888972206,4.27540888972206
"JOR","Jordan","Omega-3 fatty acids",87.842754457564,87.842754457564
"JOR","Jordan","Vitamin A, RAE",57.4622080066894,57.4622080066894
"JOR","Jordan","Vitamin B-12",26.7869169420791,26.7869169420791
"JOR","Jordan","Zinc",29.486872078364,29.486872078364
"JPN","Japan","Calcium",91.8765257821527,91.8765257821527
"JPN","Japan","Iron",12.0159667175451,12.0159667175451
"JPN","Japan","Omega-3 fatty acids",9.01037514919648,9.01037514919648
"JPN","Japan","Vitamin A, RAE",34.3466462565406,34.3466462565406
"JPN","Japan","Vitamin B-12",0.000142248690234147,0.000142248690234147
"JPN","Japan","Zinc",3.24666318971215,3.24666318971215
"KAZ","Kazakhstan","Calcium",25.2482235519546,25.2482235519546
"KAZ","Kazakhstan","Iron",10.1847556905933,10.1847556905933
"KAZ","Kazakhstan","Omega-3 fatty acids",87.7348146353598,87.7348146353598
"KAZ","Kazakhstan","Vitamin A, RAE",2.4853012378546e-18,2.4853012378546e-18
"KAZ","Kazakhstan","Vitamin B-12",0,0
"KAZ","Kazakhstan","Zinc",3.07661454994928,3.07661454994928
"KEN","Kenya","Calcium",93.8903843055469,93.8903843055469
"KEN","Kenya","Iron",12.8976703728229,12.8976703728229
"KEN","Kenya","Omega-3 fatty acids",83.5997987002281,83.5997987002281
"KEN","Kenya","Vitamin A, RAE",41.0614976659504,41.0614976659504
"KEN","Kenya","Vitamin B-12",14.2169893984113,14.2169893984113
"KEN","Kenya","Zinc",5.99746973421825,5.99746973421825
"KGZ","Kyrgyzstan","Calcium",48.0035243856246,48.0035243856246
"KGZ","Kyrgyzstan","Iron",8.07170930582692,8.07170930582692
"KGZ","Kyrgyzstan","Omega-3 fatty acids",96.4473183396512,96.4473183396512
"KGZ","Kyrgyzstan","Vitamin A, RAE",0.0035123499178217,0.0035123499178217
"KGZ","Kyrgyzstan","Vitamin B-12",0.000245394503663152,0.000245394503663152
"KGZ","Kyrgyzstan","Zinc",9.17315852453369,9.17315852453369
"KHM","Cambodia","Calcium",98.1499744379983,98.1499744379983
"KHM","Cambodia","Iron",32.9914472508479,32.9914472508479
"KHM","Cambodia","Omega-3 fatty acids",2.79790372706115,2.79790372706115
"KHM","Cambodia","Vitamin A, RAE",89.6228330393041,89.6228330393041
"KHM","Cambodia","Vitamin B-12",16.8463330774628,16.8463330774628
"KHM","Cambodia","Zinc",15.1767825389938,15.1767825389938
"KIR","Kiribati","Calcium",95.4620952865336,95.4620952865336
"KIR","Kiribati","Iron",62.8554362979776,62.8554362979776
"KIR","Kiribati","Omega-3 fatty acids",18.8030383332139,18.8030383332139
"KIR","Kiribati","Vitamin A, RAE",82.8037218195822,82.8037218195822
"KIR","Kiribati","Vitamin B-12",26.1904554945859,26.1904554945859
"KIR","Kiribati","Zinc",66.3696226861635,66.3696226861635
"KNA","St. Kitts & Nevis","Calcium",89.069047566335,89.069047566335
"KNA","St. Kitts & Nevis","Iron",17.5243793993815,17.5243793993815
"KNA","St. Kitts & Nevis","Omega-3 fatty acids",70.1757181508912,70.1757181508912
"KNA","St. Kitts & Nevis","Vitamin A, RAE",0.916933596387489,0.916933596387489
"KNA","St. Kitts & Nevis","Vitamin B-12",3.46329682693961e-06,3.46329682693961e-06
"KNA","St. Kitts & Nevis","Zinc",19.0135910894759,19.0135910894759
"KOR","South Korea","Calcium",91.3435898446851,91.3435898446851
"KOR","South Korea","Iron",9.43082558204362,9.43082558204362
"KOR","South Korea","Omega-3 fatty acids",26.1015412908163,26.1015412908163
"KOR","South Korea","Vitamin A, RAE",6.44371006414083,6.44371006414083
"KOR","South Korea","Vitamin B-12",4.76601658891762e-15,4.76601658891762e-15
"KOR","South Korea","Zinc",0.436501299047344,0.436501299047344
"KWT","Kuwait","Calcium",69.1068296067553,69.1068296067553
"KWT","Kuwait","Iron",0.29719886286165,0.29719886286165
"KWT","Kuwait","Omega-3 fatty acids",73.8996514638893,73.8996514638893
"KWT","Kuwait","Vitamin A, RAE",13.4434885964208,13.4434885964208
"KWT","Kuwait","Vitamin B-12",5.35551298521354,5.35551298521354
"KWT","Kuwait","Zinc",0.0141815073894853,0.0141815073894853
"LAO","Laos","Calcium",97.3456599832148,97.3456599832148
"LAO","Laos","Iron",14.9018356241437,14.9018356241437
"LAO","Laos","Omega-3 fatty acids",18.8030383332139,18.8030383332139
"LAO","Laos","Vitamin A, RAE",50.6647956607012,50.6647956607012
"LAO","Laos","Vitamin B-12",6.42509994881177,6.42509994881177
"LAO","Laos","Zinc",2.27488830152803,2.27488830152803
"LBN","Lebanon","Calcium",83.8569623182715,83.8569623182715
"LBN","Lebanon","Iron",1.42637711468465,1.42637711468465
"LBN","Lebanon","Omega-3 fatty acids",82.8409357655019,82.8409357655019
"LBN","Lebanon","Vitamin A, RAE",56.0956971149171,56.0956971149171
"LBN","Lebanon","Vitamin B-12",21.0726516234889,21.0726516234889
"LBN","Lebanon","Zinc",16.6242414347582,16.6242414347582
"LBR","Liberia","Calcium",99.9634697916657,99.9634697916657
"LBR","Liberia","Iron",35.8876932467053,35.8876932467053
"LBR","Liberia","Omega-3 fatty acids",81.0989320469993,81.0989320469993
"LBR","Liberia","Vitamin A, RAE",80.6980975348131,80.6980975348131
"LBR","Liberia","Vitamin B-12",51.5156069373577,51.5156069373577
"LBR","Liberia","Zinc",28.4935469320887,28.4935469320887
"LBY","Libya","Calcium",97.0996049146935,97.0996049146935
"LBY","Libya","Iron",96.2198738303359,96.2198738303359
"LBY","Libya","Omega-3 fatty acids",94.5804715408895,94.5804715408895
"LBY","Libya","Vitamin A, RAE",92.7757843275964,92.7757843275964
"LBY","Libya","Vitamin B-12",84.2879492854417,84.2879492854417
"LBY","Libya","Zinc",95.0920843966345,95.0920843966345
"LCA","St. Lucia","Calcium",86.7073019301613,86.7073019301613
"LCA","St. Lucia","Iron",8.07978400255688,8.07978400255688
"LCA","St. Lucia","Omega-3 fatty acids",58.4633497259963,58.4633497259963
"LCA","St. Lucia","Vitamin A, RAE",11.8122593911475,11.8122593911475
"LCA","St. Lucia","Vitamin B-12",0.00176713867600455,0.00176713867600455
"LCA","St. Lucia","Zinc",20.2342966909631,20.2342966909631
"LKA","Sri Lanka","Calcium",96.2975233811465,96.2975233811465
"LKA","Sri Lanka","Iron",16.7400975307622,16.7400975307622
"LKA","Sri Lanka","Omega-3 fatty acids",35.46079883361,35.46079883361
"LKA","Sri Lanka","Vitamin A, RAE",62.6252706229938,62.6252706229938
"LKA","Sri Lanka","Vitamin B-12",36.5172224991743,36.5172224991743
"LKA","Sri Lanka","Zinc",12.7495192534551,12.7495192534551
"LSO","Lesotho","Calcium",98.4202048831047,98.4202048831047
"LSO","Lesotho","Iron",6.80834029194683,6.80834029194683
"LSO","Lesotho","Omega-3 fatty acids",87.7953981536108,87.7953981536108
"LSO","Lesotho","Vitamin A, RAE",66.4296429285959,66.4296429285959
"LSO","Lesotho","Vitamin B-12",26.8755956066915,26.8755956066915
"LSO","Lesotho","Zinc",1.39501055784764,1.39501055784764
"LTU","Lithuania","Calcium",62.8186827469176,62.8186827469176
"LTU","Lithuania","Iron",3.84443635750969,3.84443635750969
"LTU","Lithuania","Omega-3 fatty acids",77.0138727458614,77.0138727458614
"LTU","Lithuania","Vitamin A, RAE",35.249749976088,35.249749976088
"LTU","Lithuania","Vitamin B-12",6.10105942343685,6.10105942343685
"LTU","Lithuania","Zinc",0.0509081693357432,0.0509081693357432
"LUX","Luxembourg","Calcium",62.8026004678978,62.8026004678978
"LUX","Luxembourg","Iron",3.83390463465671,3.83390463465671
"LUX","Luxembourg","Omega-3 fatty acids",77.0138727458614,77.0138727458614
"LUX","Luxembourg","Vitamin A, RAE",35.6245959184256,35.6245959184256
"LUX","Luxembourg","Vitamin B-12",6.10105942343685,6.10105942343685
"LUX","Luxembourg","Zinc",0.0492962136302759,0.0492962136302759
"LVA","Latvia","Calcium",63.0924069968656,63.0924069968656
"LVA","Latvia","Iron",3.64612544875027,3.64612544875027
"LVA","Latvia","Omega-3 fatty acids",77.0138727458614,77.0138727458614
"LVA","Latvia","Vitamin A, RAE",35.9325893712356,35.9325893712356
"LVA","Latvia","Vitamin B-12",6.10105942343685,6.10105942343685
"LVA","Latvia","Zinc",0.0452364894201591,0.0452364894201591
"MAC","Macao SAR China","Calcium",89.3913494292443,89.3913494292443
"MAC","Macao SAR China","Iron",4.10036189813636,4.10036189813636
"MAC","Macao SAR China","Omega-3 fatty acids",7.26065685656261,7.26065685656261
"MAC","Macao SAR China","Vitamin A, RAE",5.66281964682007e-05,5.66281964682007e-05
"MAC","Macao SAR China","Vitamin B-12",0,0
"MAC","Macao SAR China","Zinc",0.307149466446757,0.307149466446757
"MAR","Morocco","Calcium",87.1629539756854,87.1629539756854
"MAR","Morocco","Iron",0.120992641212166,0.120992641212166
"MAR","Morocco","Omega-3 fatty acids",64.3088005256135,64.3088005256135
"MAR","Morocco","Vitamin A, RAE",22.0576961291014,22.0576961291014
"MAR","Morocco","Vitamin B-12",3.41422849874877,3.41422849874877
"MAR","Morocco","Zinc",1.16127163547428,1.16127163547428
"MDA","Moldova","Calcium",84.7458056741499,84.7458056741499
"MDA","Moldova","Iron",17.9081975585073,17.9081975585073
"MDA","Moldova","Omega-3 fatty acids",70.7189212492767,70.7189212492767
"MDA","Moldova","Vitamin A, RAE",48.22481405913,48.22481405913
"MDA","Moldova","Vitamin B-12",30.6471955328122,30.6471955328122
"MDA","Moldova","Zinc",10.8313273446418,10.8313273446418
"MDG","Madagascar","Calcium",98.1853826414607,98.1853826414607
"MDG","Madagascar","Iron",45.5386647210839,45.5386647210839
"MDG","Madagascar","Omega-3 fatty acids",84.7742278029236,84.7742278029236
"MDG","Madagascar","Vitamin A, RAE",53.9143351794649,53.9143351794649
"MDG","Madagascar","Vitamin B-12",40.361171783201,40.361171783201
"MDG","Madagascar","Zinc",13.8642527608933,13.8642527608933
"MDV","Maldives","Calcium",89.9274463209127,89.9274463209127
"MDV","Maldives","Iron",17.4949592838703,17.4949592838703
"MDV","Maldives","Omega-3 fatty acids",5.26937344717104,5.26937344717104
"MDV","Maldives","Vitamin A, RAE",53.0015150614004,53.0015150614004
"MDV","Maldives","Vitamin B-12",0.07794840561847,0.07794840561847
"MDV","Maldives","Zinc",24.9909363643479,24.9909363643479
"MEX","Mexico","Calcium",78.3997797667221,78.3997797667221
"MEX","Mexico","Iron",6.99303530034975,6.99303530034975
"MEX","Mexico","Omega-3 fatty acids",80.8681690426391,80.8681690426391
"MEX","Mexico","Vitamin A, RAE",7.52724775094329,7.52724775094329
"MEX","Mexico","Vitamin B-12",1.58990283390389e-06,1.58990283390389e-06
"MEX","Mexico","Zinc",0.328205049346957,0.328205049346957
"MHL","Marshall Islands","Calcium",99.4111535513176,99.4111535513176
"MHL","Marshall Islands","Iron",97.9967835835586,97.9967835835586
"MHL","Marshall Islands","Omega-3 fatty acids",77.2932726913205,77.2932726913205
"MHL","Marshall Islands","Vitamin A, RAE",96.6430252873941,96.6430252873941
"MHL","Marshall Islands","Vitamin B-12",83.3756998641491,83.3756998641491
"MHL","Marshall Islands","Zinc",90.9098308203276,90.9098308203276
"MKD","North Macedonia","Calcium",58.9999488083023,58.9999488083023
"MKD","North Macedonia","Iron",0.402647953318425,0.402647953318425
"MKD","North Macedonia","Omega-3 fatty acids",94.5816154929229,94.5816154929229
"MKD","North Macedonia","Vitamin A, RAE",1.43213817014503,1.43213817014503
"MKD","North Macedonia","Vitamin B-12",11.762955202995,11.762955202995
"MKD","North Macedonia","Zinc",0.130219237845478,0.130219237845478
"MLI","Mali","Calcium",86.1468406763742,86.1468406763742
"MLI","Mali","Iron",15.1539726405877,15.1539726405877
"MLI","Mali","Omega-3 fatty acids",68.405281569791,68.405281569791
"MLI","Mali","Vitamin A, RAE",23.6990122870129,23.6990122870129
"MLI","Mali","Vitamin B-12",0.0407387429563629,0.0407387429563629
"MLI","Mali","Zinc",9.36592797930767,9.36592797930767
"MLT","Malta","Calcium",63.345969819395,63.345969819395
"MLT","Malta","Iron",3.63907844564519,3.63907844564519
"MLT","Malta","Omega-3 fatty acids",77.0138727458614,77.0138727458614
"MLT","Malta","Vitamin A, RAE",36.2667853256393,36.2667853256393
"MLT","Malta","Vitamin B-12",6.10105942343685,6.10105942343685
"MLT","Malta","Zinc",0.0530858782359094,0.0530858782359094
"MMR","Myanmar (Burma)","Calcium",96.3267662380141,96.3267662380141
"MMR","Myanmar (Burma)","Iron",15.0053421382746,15.0053421382746
"MMR","Myanmar (Burma)","Omega-3 fatty acids",1.3774765671353,1.3774765671353
"MMR","Myanmar (Burma)","Vitamin A, RAE",39.1743453471671,39.1743453471671
"MMR","Myanmar (Burma)","Vitamin B-12",0.0580925518335325,0.0580925518335325
"MMR","Myanmar (Burma)","Zinc",4.71070902823467,4.71070902823467
"MNE","Montenegro","Calcium",8.73654823354273,8.73654823354273
"MNE","Montenegro","Iron",0.197271588655162,0.197271588655162
"MNE","Montenegro","Omega-3 fatty acids",77.0138727458614,77.0138727458614
"MNE","Montenegro","Vitamin A, RAE",1.40939094217969,1.40939094217969
"MNE","Montenegro","Vitamin B-12",1.13540927986457e-09,1.13540927986457e-09
"MNE","Montenegro","Zinc",3.0299658769399e-10,3.0299658769399e-10
"MNG","Mongolia","Calcium",76.3601238058038,76.3601238058038
"MNG","Mongolia","Iron",14.7828189596703,14.7828189596703
"MNG","Mongolia","Omega-3 fatty acids",97.2809346921209,97.2809346921209
"MNG","Mongolia","Vitamin A, RAE",1.04024542892915e-08,1.04024542892915e-08
"MNG","Mongolia","Vitamin B-12",0,0
"MNG","Mongolia","Zinc",3.6791896611854,3.6791896611854
"MOZ","Mozambique","Calcium",98.0364377048477,98.0364377048477
"MOZ","Mozambique","Iron",84.8776115864163,84.8776115864163
"MOZ","Mozambique","Omega-3 fatty acids",73.4999098485904,73.4999098485904
"MOZ","Mozambique","Vitamin A, RAE",65.2144600384268,65.2144600384268
"MOZ","Mozambique","Vitamin B-12",77.730809083295,77.730809083295
"MOZ","Mozambique","Zinc",85.9039178143137,85.9039178143137
"MRT","Mauritania","Calcium",91.8646305580485,91.8646305580485
"MRT","Mauritania","Iron",0.0359848159846179,0.0359848159846179
"MRT","Mauritania","Omega-3 fatty acids",74.5999267912641,74.5999267912641
"MRT","Mauritania","Vitamin A, RAE",59.5157074015208,59.5157074015208
"MRT","Mauritania","Vitamin B-12",0.00703041233062132,0.00703041233062132
"MRT","Mauritania","Zinc",0.13807235152726,0.13807235152726
"MUS","Mauritius","Calcium",87.3350235993815,87.3350235993815
"MUS","Mauritius","Iron",0.232145264765426,0.232145264765426
"MUS","Mauritius","Omega-3 fatty acids",68.6245256853153,68.6245256853153
"MUS","Mauritius","Vitamin A, RAE",38.7330172407752,38.7330172407752
"MUS","Mauritius","Vitamin B-12",2.45631098142313,2.45631098142313
"MUS","Mauritius","Zinc",0.885095620984635,0.885095620984635
"MWI","Malawi","Calcium",97.2252539420939,97.2252539420939
"MWI","Malawi","Iron",6.28147469411697,6.28147469411697
"MWI","Malawi","Omega-3 fatty acids",68.6245256853153,68.6245256853153
"MWI","Malawi","Vitamin A, RAE",0.000114853278692083,0.000114853278692083
"MWI","Malawi","Vitamin B-12",62.3486565047172,62.3486565047172
"MWI","Malawi","Zinc",0.744114416208292,0.744114416208292
"MYS","Malaysia","Calcium",96.9426372253158,96.9426372253158
"MYS","Malaysia","Iron",6.27911582557556,6.27911582557556
"MYS","Malaysia","Omega-3 fatty acids",18.8030383332139,18.8030383332139
"MYS","Malaysia","Vitamin A, RAE",41.9581698086501,41.9581698086501
"MYS","Malaysia","Vitamin B-12",0.0333823953359165,0.0333823953359165
"MYS","Malaysia","Zinc",10.9360953600169,10.9360953600169
"NAM","Namibia","Calcium",96.8119132871951,96.8119132871951
"NAM","Namibia","Iron",3.32401971854588,3.32401971854588
"NAM","Namibia","Omega-3 fatty acids",82.3199176497151,82.3199176497151
"NAM","Namibia","Vitamin A, RAE",68.020935068392,68.020935068392
"NAM","Namibia","Vitamin B-12",8.96903461967034,8.96903461967034
"NAM","Namibia","Zinc",10.9464645067067,10.9464645067067
"NER","Niger","Calcium",96.5159566382167,96.5159566382167
"NER","Niger","Iron",11.0786731101842,11.0786731101842
"NER","Niger","Omega-3 fatty acids",82.4430541140276,82.4430541140276
"NER","Niger","Vitamin A, RAE",45.3482657509878,45.3482657509878
"NER","Niger","Vitamin B-12",13.6219193300992,13.6219193300992
"NER","Niger","Zinc",44.0357079600691,44.0357079600691
"NGA","Nigeria","Calcium",99.8008943058505,99.8008943058505
"NGA","Nigeria","Iron",7.23871989777727,7.23871989777727
"NGA","Nigeria","Omega-3 fatty acids",72.6830337706048,72.6830337706048
"NGA","Nigeria","Vitamin A, RAE",72.6491816079723,72.6491816079723
"NGA","Nigeria","Vitamin B-12",74.5166385184118,74.5166385184118
"NGA","Nigeria","Zinc",7.69488902048133,7.69488902048133
"NIC","Nicaragua","Calcium",88.1759877748712,88.1759877748712
"NIC","Nicaragua","Iron",19.3124979301068,19.3124979301068
"NIC","Nicaragua","Omega-3 fatty acids",89.1084857055124,89.1084857055124
"NIC","Nicaragua","Vitamin A, RAE",45.5018249629117,45.5018249629117
"NIC","Nicaragua","Vitamin B-12",3.36163054409601,3.36163054409601
"NIC","Nicaragua","Zinc",14.0665395421771,14.0665395421771
"NLD","Netherlands","Calcium",62.3108921529082,62.3108921529082
"NLD","Netherlands","Iron",3.41995620936018,3.41995620936018
"NLD","Netherlands","Omega-3 fatty acids",77.0138727458614,77.0138727458614
"NLD","Netherlands","Vitamin A, RAE",34.9057951348612,34.9057951348612
"NLD","Netherlands","Vitamin B-12",6.10105942343685,6.10105942343685
"NLD","Netherlands","Zinc",0.0506412047632624,0.0506412047632624
"NOR","Norway","Calcium",43.743788448749,43.743788448749
"NOR","Norway","Iron",0.0567209073054066,0.0567209073054066
"NOR","Norway","Omega-3 fatty acids",17.540028907293,17.540028907293
"NOR","Norway","Vitamin A, RAE",13.5870778567808,13.5870778567808
"NOR","Norway","Vitamin B-12",0.0177199540985782,0.0177199540985782
"NOR","Norway","Zinc",0.0029704616903726,0.0029704616903726
"NPL","Nepal","Calcium",95.8922131704015,95.8922131704015
"NPL","Nepal","Iron",11.4322873178852,11.4322873178852
"NPL","Nepal","Omega-3 fatty acids",90.8587254523493,90.8587254523493
"NPL","Nepal","Vitamin A, RAE",71.7346045621461,71.7346045621461
"NPL","Nepal","Vitamin B-12",10.4644822057199,10.4644822057199
"NPL","Nepal","Zinc",4.68467909520682,4.68467909520682
"NZL","New Zealand","Calcium",85.6896434136545,85.6896434136545
"NZL","New Zealand","Iron",1.59607108074164,1.59607108074164
"NZL","New Zealand","Omega-3 fatty acids",51.8245086421176,51.8245086421176
"NZL","New Zealand","Vitamin A, RAE",0.0129754134047183,0.0129754134047183
"NZL","New Zealand","Vitamin B-12",0.0201561314084397,0.0201561314084397
"NZL","New Zealand","Zinc",0.284105564680943,0.284105564680943
"OMN","Oman","Calcium",66.6195701001263,66.6195701001263
"OMN","Oman","Iron",2.99780483863616,2.99780483863616
"OMN","Oman","Omega-3 fatty acids",52.1061047898395,52.1061047898395
"OMN","Oman","Vitamin A, RAE",32.2495309795748,32.2495309795748
"OMN","Oman","Vitamin B-12",4.36457399124916,4.36457399124916
"OMN","Oman","Zinc",0.097532461882407,0.097532461882407
"PAK","Pakistan","Calcium",91.6301857400398,91.6301857400398
"PAK","Pakistan","Iron",17.9560423734507,17.9560423734507
"PAK","Pakistan","Omega-3 fatty acids",95.2637619017828,95.2637619017828
"PAK","Pakistan","Vitamin A, RAE",63.2845344608461,63.2845344608461
"PAK","Pakistan","Vitamin B-12",11.8821845451718,11.8821845451718
"PAK","Pakistan","Zinc",39.8125925332305,39.8125925332305
"PAN","Panama","Calcium",84.1916544524828,84.1916544524828
"PAN","Panama","Iron",16.0405306000735,16.0405306000735
"PAN","Panama","Omega-3 fatty acids",86.2728783525534,86.2728783525534
"PAN","Panama","Vitamin A, RAE",23.2146798803595,23.2146798803595
"PAN","Panama","Vitamin B-12",2.89252471501029e-07,2.89252471501029e-07
"PAN","Panama","Zinc",5.76456380759326,5.76456380759326
"PER","Peru","Calcium",96.7975201920199,96.7975201920199
"PER","Peru","Iron",7.89869138668721,7.89869138668721
"PER","Peru","Omega-3 fatty acids",57.3847051722761,57.3847051722761
"PER","Peru","Vitamin A, RAE",0.000583846422125947,0.000583846422125947
"PER","Peru","Vitamin B-12",0,0
"PER","Peru","Zinc",0.0520550294374431,0.0520550294374431
"PHL","Philippines","Calcium",98.3144104750582,98.3144104750582
"PHL","Philippines","Iron",24.163925702468,24.163925702468
"PHL","Philippines","Omega-3 fatty acids",44.2395276039337,44.2395276039337
"PHL","Philippines","Vitamin A, RAE",84.4789828675198,84.4789828675198
"PHL","Philippines","Vitamin B-12",30.4391319008004,30.4391319008004
"PHL","Philippines","Zinc",16.1712853629879,16.1712853629879
"PLW","Palau","Calcium",99.4111535529033,99.4111535529033
"PLW","Palau","Iron",96.8449349630242,96.8449349630242
"PLW","Palau","Omega-3 fatty acids",77.2932726913205,77.2932726913205
"PLW","Palau","Vitamin A, RAE",96.6430252955505,96.6430252955505
"PLW","Palau","Vitamin B-12",83.3756998641491,83.3756998641491
"PLW","Palau","Zinc",82.9201603102156,82.9201603102156
"PNG","Papua New Guinea","Calcium",99.4111540204869,99.4111540204869
"PNG","Papua New Guinea","Iron",97.9969499360113,97.9969499360113
"PNG","Papua New Guinea","Omega-3 fatty acids",77.2932726913205,77.2932726913205
"PNG","Papua New Guinea","Vitamin A, RAE",96.6430279686914,96.6430279686914
"PNG","Papua New Guinea","Vitamin B-12",83.3773024844601,83.3773024844601
"PNG","Papua New Guinea","Zinc",90.9104110759828,90.9104110759828
"POL","Poland","Calcium",62.9682765568074,62.9682765568074
"POL","Poland","Iron",3.76071674519769,3.76071674519769
"POL","Poland","Omega-3 fatty acids",77.0138727458614,77.0138727458614
"POL","Poland","Vitamin A, RAE",35.5621599810154,35.5621599810154
"POL","Poland","Vitamin B-12",6.10105942343685,6.10105942343685
"POL","Poland","Zinc",0.0465840478795218,0.0465840478795218
"PRI","Puerto Rico","Calcium",96.9093412024551,96.9093412024551
"PRI","Puerto Rico","Iron",89.3130205725187,89.3130205725187
"PRI","Puerto Rico","Omega-3 fatty acids",90.9507591211742,90.9507591211742
"PRI","Puerto Rico","Vitamin A, RAE",92.4080322165751,92.4080322165751
"PRI","Puerto Rico","Vitamin B-12",80.1956666037565,80.1956666037565
"PRI","Puerto Rico","Zinc",82.0523326292416,82.0523326292416
"PRK","North Korea","Calcium",99.3282835620094,99.3282835620094
"PRK","North Korea","Iron",85.3988694921443,85.3988694921443
"PRK","North Korea","Omega-3 fatty acids",80.5590331550937,80.5590331550937
"PRK","North Korea","Vitamin A, RAE",92.4604138593272,92.4604138593272
"PRK","North Korea","Vitamin B-12",77.5373742724178,77.5373742724178
"PRK","North Korea","Zinc",88.8545475506487,88.8545475506487
"PRT","Portugal","Calcium",63.0202316365672,63.0202316365672
"PRT","Portugal","Iron",8.03575908636739,8.03575908636739
"PRT","Portugal","Omega-3 fatty acids",77.0138727458614,77.0138727458614
"PRT","Portugal","Vitamin A, RAE",35.982741694393,35.982741694393
"PRT","Portugal","Vitamin B-12",6.10105942343685,6.10105942343685
"PRT","Portugal","Zinc",2.40812375914983,2.40812375914983
"PRY","Paraguay","Calcium",98.0579631560419,98.0579631560419
"PRY","Paraguay","Iron",12.087100860946,12.087100860946
"PRY","Paraguay","Omega-3 fatty acids",84.6042772005384,84.6042772005384
"PRY","Paraguay","Vitamin A, RAE",1.87632958815461e-05,1.87632958815461e-05
"PRY","Paraguay","Vitamin B-12",0,0
"PRY","Paraguay","Zinc",0.0730368951531421,0.0730368951531421
"PSE","Palestinian Territories","Calcium",97.0996049150061,97.0996049150061
"PSE","Palestinian Territories","Iron",96.2198736849262,96.2198736849262
"PSE","Palestinian Territories","Omega-3 fatty acids",94.5804715408895,94.5804715408895
"PSE","Palestinian Territories","Vitamin A, RAE",92.7757843257556,92.7757843257556
"PSE","Palestinian Territories","Vitamin B-12",84.2879492854417,84.2879492854417
"PSE","Palestinian Territories","Zinc",95.0920844103677,95.0920844103677
"QAT","Qatar","Calcium",97.0996031181747,97.0996031181747
"QAT","Qatar","Iron",94.4757506551425,94.4757506551425
"QAT","Qatar","Omega-3 fatty acids",94.5804715408895,94.5804715408895
"QAT","Qatar","Vitamin A, RAE",92.7757788463758,92.7757788463758
"QAT","Qatar","Vitamin B-12",84.2858185065084,84.2858185065084
"QAT","Qatar","Zinc",87.5736461251242,87.5736461251242
"ROU","Romania","Calcium",62.779059040843,62.779059040843
"ROU","Romania","Iron",3.74611011789041,3.74611011789041
"ROU","Romania","Omega-3 fatty acids",77.0138727458614,77.0138727458614
"ROU","Romania","Vitamin A, RAE",35.8183184604592,35.8183184604592
"ROU","Romania","Vitamin B-12",6.10105942343685,6.10105942343685
"ROU","Romania","Zinc",0.0462672140480113,0.0462672140480113
"RUS","Russia","Calcium",68.1153307882026,68.1153307882026
"RUS","Russia","Iron",0.388051760557308,0.388051760557308
"RUS","Russia","Omega-3 fatty acids",52.1061047898395,52.1061047898395
"RUS","Russia","Vitamin A, RAE",0.616986979466988,0.616986979466988
"RUS","Russia","Vitamin B-12",3.10671684443597e-08,3.10671684443597e-08
"RUS","Russia","Zinc",0.00620771744772958,0.00620771744772958
"RWA","Rwanda","Calcium",95.6989372066899,95.6989372066899
"RWA","Rwanda","Iron",6.73412508210355,6.73412508210355
"RWA","Rwanda","Omega-3 fatty acids",80.8904453653147,80.8904453653147
"RWA","Rwanda","Vitamin A, RAE",1.60135214011066,1.60135214011066
"RWA","Rwanda","Vitamin B-12",59.7261720379606,59.7261720379606
"RWA","Rwanda","Zinc",17.3145269514687,17.3145269514687
"SAU","Saudi Arabia","Calcium",81.2483092956746,81.2483092956746
"SAU","Saudi Arabia","Iron",0.698235438404689,0.698235438404689
"SAU","Saudi Arabia","Omega-3 fatty acids",67.5098696178575,67.5098696178575
"SAU","Saudi Arabia","Vitamin A, RAE",53.6878934309401,53.6878934309401
"SAU","Saudi Arabia","Vitamin B-12",16.3304343631849,16.3304343631849
"SAU","Saudi Arabia","Zinc",0.189630119567351,0.189630119567351
"SDN","Sudan","Calcium",99.2586655381688,99.2586655381688
"SDN","Sudan","Iron",95.7915672108249,95.7915672108249
"SDN","Sudan","Omega-3 fatty acids",89.4302301901002,89.4302301901002
"SDN","Sudan","Vitamin A, RAE",90.7749149777307,90.7749149777307
"SDN","Sudan","Vitamin B-12",89.9074012134346,89.9074012134346
"SDN","Sudan","Zinc",95.2265874112724,95.2265874112724
"SEN","Senegal","Calcium",99.8322356674932,99.8322356674932
"SEN","Senegal","Iron",1.25184613847632e-10,1.25184613847632e-10
"SEN","Senegal","Omega-3 fatty acids",66.03967706513,66.03967706513
"SEN","Senegal","Vitamin A, RAE",78.3665332559097,78.3665332559097
"SEN","Senegal","Vitamin B-12",27.4522757836262,27.4522757836262
"SEN","Senegal","Zinc",1.89480056643647e-09,1.89480056643647e-09
"SGP","Singapore","Calcium",99.4111535527889,99.4111535527889
"SGP","Singapore","Iron",96.8449372771814,96.8449372771814
"SGP","Singapore","Omega-3 fatty acids",77.2932726913205,77.2932726913205
"SGP","Singapore","Vitamin A, RAE",96.6430252851509,96.6430252851509
"SGP","Singapore","Vitamin B-12",83.3756998641491,83.3756998641491
"SGP","Singapore","Zinc",82.9201628216022,82.9201628216022
"SLB","Solomon Islands","Calcium",83.8738586605514,83.8738586605514
"SLB","Solomon Islands","Iron",72.8545343672955,72.8545343672955
"SLB","Solomon Islands","Omega-3 fatty acids",49.3428758344657,49.3428758344657
"SLB","Solomon Islands","Vitamin A, RAE",0.00101476487957236,0.00101476487957236
"SLB","Solomon Islands","Vitamin B-12",64.8448343251121,64.8448343251121
"SLB","Solomon Islands","Zinc",66.846348985722,66.846348985722
"SLE","Sierra Leone","Calcium",99.8642341938133,99.8642341938133
"SLE","Sierra Leone","Iron",57.7748471806199,57.7748471806199
"SLE","Sierra Leone","Omega-3 fatty acids",55.1251151370093,55.1251151370093
"SLE","Sierra Leone","Vitamin A, RAE",54.8674127697514,54.8674127697514
"SLE","Sierra Leone","Vitamin B-12",47.5188830349232,47.5188830349232
"SLE","Sierra Leone","Zinc",71.5522322230808,71.5522322230808
"SLV","El Salvador","Calcium",83.0093378415141,83.0093378415141
"SLV","El Salvador","Iron",7.11752327212062,7.11752327212062
"SLV","El Salvador","Omega-3 fatty acids",88.5196627793777,88.5196627793777
"SLV","El Salvador","Vitamin A, RAE",52.2059960183748,52.2059960183748
"SLV","El Salvador","Vitamin B-12",31.4336086279629,31.4336086279629
"SLV","El Salvador","Zinc",7.02533216212678,7.02533216212678
"SMR","San Marino","Calcium",97.0996031035935,97.0996031035935
"SMR","San Marino","Iron",94.4757545673434,94.4757545673434
"SMR","San Marino","Omega-3 fatty acids",94.5804715408895,94.5804715408895
"SMR","San Marino","Vitamin A, RAE",92.775778756916,92.775778756916
"SMR","San Marino","Vitamin B-12",84.2858185065084,84.2858185065084
"SMR","San Marino","Zinc",87.5736560548723,87.5736560548723
"SOM","Somalia","Calcium",99.2586660467564,99.2586660467564
"SOM","Somalia","Iron",99.1816425211692,99.1816425211692
"SOM","Somalia","Omega-3 fatty acids",89.429543107941,89.429543107941
"SOM","Somalia","Vitamin A, RAE",90.7749190577853,90.7749190577853
"SOM","Somalia","Vitamin B-12",89.9088748113749,89.9088748113749
"SOM","Somalia","Zinc",99.4567231833157,99.4567231833157
"SRB","Serbia","Calcium",69.758060855377,69.758060855377
"SRB","Serbia","Iron",1.36123684614612,1.36123684614612
"SRB","Serbia","Omega-3 fatty acids",85.4690879550454,85.4690879550454
"SRB","Serbia","Vitamin A, RAE",43.7862893523035,43.7862893523035
"SRB","Serbia","Vitamin B-12",9.18020671070025,9.18020671070025
"SRB","Serbia","Zinc",0.0736917119131358,0.0736917119131358
"STP","São Tomé & Príncipe","Calcium",98.1880300381195,98.1880300381195
"STP","São Tomé & Príncipe","Iron",62.4678306735028,62.4678306735028
"STP","São Tomé & Príncipe","Omega-3 fatty acids",58.2974739509395,58.2974739509395
"STP","São Tomé & Príncipe","Vitamin A, RAE",79.7462966300096,79.7462966300096
"STP","São Tomé & Príncipe","Vitamin B-12",67.9395240246106,67.9395240246106
"STP","São Tomé & Príncipe","Zinc",88.0122967384207,88.0122967384207
"SUR","Suriname","Calcium",99.71745260826,99.71745260826
"SUR","Suriname","Iron",13.0964314085337,13.0964314085337
"SUR","Suriname","Omega-3 fatty acids",77.7594196474071,77.7594196474071
"SUR","Suriname","Vitamin A, RAE",79.4727177224004,79.4727177224004
"SUR","Suriname","Vitamin B-12",18.2102268776306,18.2102268776306
"SUR","Suriname","Zinc",11.485973587114,11.485973587114
"SVK","Slovakia","Calcium",63.0932503960629,63.0932503960629
"SVK","Slovakia","Iron",3.5918530496189,3.5918530496189
"SVK","Slovakia","Omega-3 fatty acids",77.0138727458614,77.0138727458614
"SVK","Slovakia","Vitamin A, RAE",35.6918603543363,35.6918603543363
"SVK","Slovakia","Vitamin B-12",6.10105942343685,6.10105942343685
"SVK","Slovakia","Zinc",0.0540239653308812,0.0540239653308812
"SVN","Slovenia","Calcium",62.8430636221498,62.8430636221498
"SVN","Slovenia","Iron",3.71054442200107,3.71054442200107
"SVN","Slovenia","Omega-3 fatty acids",77.0138727458614,77.0138727458614
"SVN","Slovenia","Vitamin A, RAE",35.052086623364,35.052086623364
"SVN","Slovenia","Vitamin B-12",6.10105942343685,6.10105942343685
"SVN","Slovenia","Zinc",0.0478671380795801,0.0478671380795801
"SWE","Sweden","Calcium",62.3936821763498,62.3936821763498
"SWE","Sweden","Iron",3.59090499532542,3.59090499532542
"SWE","Sweden","Omega-3 fatty acids",77.0138727458614,77.0138727458614
"SWE","Sweden","Vitamin A, RAE",35.0711948059592,35.0711948059592
"SWE","Sweden","Vitamin B-12",6.10105942343685,6.10105942343685
"SWE","Sweden","Zinc",0.045489434981111,0.045489434981111
"SWZ","Eswatini","Calcium",97.6844131457923,97.6844131457923
"SWZ","Eswatini","Iron",37.0771789202858,37.0771789202858
"SWZ","Eswatini","Omega-3 fatty acids",89.4302301901002,89.4302301901002
"SWZ","Eswatini","Vitamin A, RAE",36.3066752779154,36.3066752779154
"SWZ","Eswatini","Vitamin B-12",2.03528107270033,2.03528107270033
"SWZ","Eswatini","Zinc",72.203210872753,72.203210872753
"SYC","Seychelles","Calcium",99.2586660462169,99.2586660462169
"SYC","Seychelles","Iron",95.791808875236,95.791808875236
"SYC","Seychelles","Omega-3 fatty acids",89.429543107941,89.429543107941
"SYC","Seychelles","Vitamin A, RAE",90.7749190605181,90.7749190605181
"SYC","Seychelles","Vitamin B-12",89.9088748113749,89.9088748113749
"SYC","Seychelles","Zinc",95.2270251316658,95.2270251316658
"SYR","Syria","Calcium",97.0996049149588,97.0996049149588
"SYR","Syria","Iron",96.2198737556575,96.2198737556575
"SYR","Syria","Omega-3 fatty acids",94.5804715408895,94.5804715408895
"SYR","Syria","Vitamin A, RAE",92.7757843246959,92.7757843246959
"SYR","Syria","Vitamin B-12",84.2879492854417,84.2879492854417
"SYR","Syria","Zinc",95.0920844295709,95.0920844295709
"TCD","Chad","Calcium",96.611941687526,96.611941687526
"TCD","Chad","Iron",50.0167125974873,50.0167125974873
"TCD","Chad","Omega-3 fatty acids",75.667477083407,75.667477083407
"TCD","Chad","Vitamin A, RAE",17.8155512605954,17.8155512605954
"TCD","Chad","Vitamin B-12",3.4994235536449e-08,3.4994235536449e-08
"TCD","Chad","Zinc",27.4382276283444,27.4382276283444
"TGO","Togo","Calcium",99.9110849406716,99.9110849406716
"TGO","Togo","Iron",7.36635745958463,7.36635745958463
"TGO","Togo","Omega-3 fatty acids",68.405281569791,68.405281569791
"TGO","Togo","Vitamin A, RAE",91.1982448547812,91.1982448547812
"TGO","Togo","Vitamin B-12",74.6431293864648,74.6431293864648
"TGO","Togo","Zinc",5.75424158294977,5.75424158294977
"THA","Thailand","Calcium",97.6586563566743,97.6586563566743
"THA","Thailand","Iron",25.8811927883,25.8811927883
"THA","Thailand","Omega-3 fatty acids",42.5266839738152,42.5266839738152
"THA","Thailand","Vitamin A, RAE",13.1023699355857,13.1023699355857
"THA","Thailand","Vitamin B-12",1.56875937000012,1.56875937000012
"THA","Thailand","Zinc",21.9600065157403,21.9600065157403
"TJK","Tajikistan","Calcium",96.0511890180764,96.0511890180764
"TJK","Tajikistan","Iron",19.7609484550386,19.7609484550386
"TJK","Tajikistan","Omega-3 fatty acids",97.2809346921209,97.2809346921209
"TJK","Tajikistan","Vitamin A, RAE",6.62014954101923,6.62014954101923
"TJK","Tajikistan","Vitamin B-12",14.2232186583297,14.2232186583297
"TJK","Tajikistan","Zinc",49.106401258717,49.106401258717
"TKM","Turkmenistan","Calcium",83.4963852290033,83.4963852290033
"TKM","Turkmenistan","Iron",5.55146496004748,5.55146496004748
"TKM","Turkmenistan","Omega-3 fatty acids",90.8587254523493,90.8587254523493
"TKM","Turkmenistan","Vitamin A, RAE",33.6862063509626,33.6862063509626
"TKM","Turkmenistan","Vitamin B-12",0.143472948420953,0.143472948420953
"TKM","Turkmenistan","Zinc",11.6286182812498,11.6286182812498
"TLS","Timor-Leste","Calcium",98.8008267431737,98.8008267431737
"TLS","Timor-Leste","Iron",16.4940789952992,16.4940789952992
"TLS","Timor-Leste","Omega-3 fatty acids",71.6258634520118,71.6258634520118
"TLS","Timor-Leste","Vitamin A, RAE",92.2040662170462,92.2040662170462
"TLS","Timor-Leste","Vitamin B-12",69.0470036986919,69.0470036986919
"TLS","Timor-Leste","Zinc",23.2557158275191,23.2557158275191
"TON","Tonga","Calcium",99.4111535513176,99.4111535513176
"TON","Tonga","Iron",97.9967835835586,97.9967835835586
"TON","Tonga","Omega-3 fatty acids",77.2932726913205,77.2932726913205
"TON","Tonga","Vitamin A, RAE",96.6430252873941,96.6430252873941
"TON","Tonga","Vitamin B-12",83.3756998641491,83.3756998641491
"TON","Tonga","Zinc",90.9098308203276,90.9098308203276
"TTO","Trinidad & Tobago","Calcium",78.8008333622084,78.8008333622084
"TTO","Trinidad & Tobago","Iron",0.519889532587755,0.519889532587755
"TTO","Trinidad & Tobago","Omega-3 fatty acids",73.1529711595451,73.1529711595451
"TTO","Trinidad & Tobago","Vitamin A, RAE",40.8238741581533,40.8238741581533
"TTO","Trinidad & Tobago","Vitamin B-12",7.73122706038866,7.73122706038866
"TTO","Trinidad & Tobago","Zinc",0.483950351271253,0.483950351271253
"TUN","Tunisia","Calcium",69.592401462509,69.592401462509
"TUN","Tunisia","Iron",0.0340993677674708,0.0340993677674708
"TUN","Tunisia","Omega-3 fatty acids",80.0103796271287,80.0103796271287
"TUN","Tunisia","Vitamin A, RAE",7.19396333018357,7.19396333018357
"TUN","Tunisia","Vitamin B-12",8.77279766929851,8.77279766929851
"TUN","Tunisia","Zinc",4.40692445156938,4.40692445156938
"TUR","Turkey","Calcium",58.8260899747054,58.8260899747054
"TUR","Turkey","Iron",0.538474222073846,0.538474222073846
"TUR","Turkey","Omega-3 fatty acids",87.842754457564,87.842754457564
"TUR","Turkey","Vitamin A, RAE",6.98737283339975,6.98737283339975
"TUR","Turkey","Vitamin B-12",2.09640799366596,2.09640799366596
"TUR","Turkey","Zinc",0.74322682696601,0.74322682696601
"TUV","Tuvalu","Calcium",99.4111535513176,99.4111535513176
"TUV","Tuvalu","Iron",97.9967835835586,97.9967835835586
"TUV","Tuvalu","Omega-3 fatty acids",77.2932726913205,77.2932726913205
"TUV","Tuvalu","Vitamin A, RAE",96.6430252873941,96.6430252873941
"TUV","Tuvalu","Vitamin B-12",83.3756998641491,83.3756998641491
"TUV","Tuvalu","Zinc",90.9098308203276,90.9098308203276
"TWN","Taiwan","Calcium",90.9608804905489,90.9608804905489
"TWN","Taiwan","Iron",4.81438836327952,4.81438836327952
"TWN","Taiwan","Omega-3 fatty acids",43.3745286332947,43.3745286332947
"TWN","Taiwan","Vitamin A, RAE",14.70462669988,14.70462669988
"TWN","Taiwan","Vitamin B-12",0.000298003085977161,0.000298003085977161
"TWN","Taiwan","Zinc",0.788083561495947,0.788083561495947
"TZA","Tanzania","Calcium",97.0364851342317,97.0364851342317
"TZA","Tanzania","Iron",13.6354802151496,13.6354802151496
"TZA","Tanzania","Omega-3 fatty acids",79.3560968970298,79.3560968970298
"TZA","Tanzania","Vitamin A, RAE",9.22565100448121,9.22565100448121
"TZA","Tanzania","Vitamin B-12",75.7154786013869,75.7154786013869
"TZA","Tanzania","Zinc",8.09104053836082,8.09104053836082
"UGA","Uganda","Calcium",96.9660710632417,96.9660710632417
"UGA","Uganda","Iron",19.0661972257372,19.0661972257372
"UGA","Uganda","Omega-3 fatty acids",60.8615883435693,60.8615883435693
"UGA","Uganda","Vitamin A, RAE",15.0257554777938,15.0257554777938
"UGA","Uganda","Vitamin B-12",53.7907584949766,53.7907584949766
"UGA","Uganda","Zinc",18.6914578456689,18.6914578456689
"UKR","Ukraine","Calcium",73.6232774509577,73.6232774509577
"UKR","Ukraine","Iron",1.71445709947756,1.71445709947756
"UKR","Ukraine","Omega-3 fatty acids",77.0138727458614,77.0138727458614
"UKR","Ukraine","Vitamin A, RAE",2.12118624124831,2.12118624124831
"UKR","Ukraine","Vitamin B-12",2.06179338554003,2.06179338554003
"UKR","Ukraine","Zinc",1.80641584582575,1.80641584582575
"URY","Uruguay","Calcium",71.7591051611088,71.7591051611088
"URY","Uruguay","Iron",3.8611301410878,3.8611301410878
"URY","Uruguay","Omega-3 fatty acids",84.6042772005384,84.6042772005384
"URY","Uruguay","Vitamin A, RAE",0.00074000359082977,0.00074000359082977
"URY","Uruguay","Vitamin B-12",9.00042059360522e-09,9.00042059360522e-09
"URY","Uruguay","Zinc",0.0135189146345903,0.0135189146345903
"USA","United States","Calcium",46.9911969723113,46.9911969723113
"USA","United States","Iron",2.58160761706048,2.58160761706048
"USA","United States","Omega-3 fatty acids",54.967570356088,54.967570356088
"USA","United States","Vitamin A, RAE",7.6067916485718,7.6067916485718
"USA","United States","Vitamin B-12",0.153134329801328,0.153134329801328
"USA","United States","Zinc",0.00168374430429505,0.00168374430429505
"UZB","Uzbekistan","Calcium",42.8936766038361,42.8936766038361
"UZB","Uzbekistan","Iron",5.13583075505835,5.13583075505835
"UZB","Uzbekistan","Omega-3 fatty acids",93.4316316851833,93.4316316851833
"UZB","Uzbekistan","Vitamin A, RAE",0,0
"UZB","Uzbekistan","Vitamin B-12",3.88723392160143e-08,3.88723392160143e-08
"UZB","Uzbekistan","Zinc",7.42170206782727,7.42170206782727
"VCT","St. Vincent & Grenadines","Calcium",84.4039421941152,84.4039421941152
"VCT","St. Vincent & Grenadines","Iron",3.19445919777878,3.19445919777878
"VCT","St. Vincent & Grenadines","Omega-3 fatty acids",78.5962629750468,78.5962629750468
"VCT","St. Vincent & Grenadines","Vitamin A, RAE",10.4009222777872,10.4009222777872
"VCT","St. Vincent & Grenadines","Vitamin B-12",8.37493550777931,8.37493550777931
"VCT","St. Vincent & Grenadines","Zinc",4.78161506498339,4.78161506498339
"VEN","Venezuela","Calcium",99.5073918164289,99.5073918164289
"VEN","Venezuela","Iron",22.18399887647,22.18399887647
"VEN","Venezuela","Omega-3 fatty acids",84.6042772005384,84.6042772005384
"VEN","Venezuela","Vitamin A, RAE",14.2416907233476,14.2416907233476
"VEN","Venezuela","Vitamin B-12",2.6461414520089e-05,2.6461414520089e-05
"VEN","Venezuela","Zinc",7.39280538041229,7.39280538041229
"VNM","Vietnam","Calcium",95.9324947063636,95.9324947063636
"VNM","Vietnam","Iron",11.3846870046188,11.3846870046188
"VNM","Vietnam","Omega-3 fatty acids",22.9600080292533,22.9600080292533
"VNM","Vietnam","Vitamin A, RAE",19.9581063610934,19.9581063610934
"VNM","Vietnam","Vitamin B-12",2.80377609193659e-05,2.80377609193659e-05
"VNM","Vietnam","Zinc",1.04309037880313,1.04309037880313
"VUT","Vanuatu","Calcium",98.2604346832463,98.2604346832463
"VUT","Vanuatu","Iron",0.279511602244584,0.279511602244584
"VUT","Vanuatu","Omega-3 fatty acids",52.6775910799191,52.6775910799191
"VUT","Vanuatu","Vitamin A, RAE",85.6911801529405,85.6911801529405
"VUT","Vanuatu","Vitamin B-12",8.02010765339519,8.02010765339519
"VUT","Vanuatu","Zinc",4.07631161516636,4.07631161516636
"WSM","Samoa","Calcium",94.0516321567423,94.0516321567423
"WSM","Samoa","Iron",2.95864066101967,2.95864066101967
"WSM","Samoa","Omega-3 fatty acids",37.3874393973412,37.3874393973412
"WSM","Samoa","Vitamin A, RAE",10.9023891670855,10.9023891670855
"WSM","Samoa","Vitamin B-12",1.98564398681723e-06,1.98564398681723e-06
"WSM","Samoa","Zinc",6.60613340120821,6.60613340120821
"YEM","Yemen","Calcium",95.0069183074197,95.0069183074197
"YEM","Yemen","Iron",8.42795756889412,8.42795756889412
"YEM","Yemen","Omega-3 fatty acids",91.7661958070618,91.7661958070618
"YEM","Yemen","Vitamin A, RAE",82.4293547903941,82.4293547903941
"YEM","Yemen","Vitamin B-12",42.0181405608586,42.0181405608586
"YEM","Yemen","Zinc",50.1730615249464,50.1730615249464
"ZAF","South Africa","Calcium",97.7833220134062,97.7833220134062
"ZAF","South Africa","Iron",8.21576930928407,8.21576930928407
"ZAF","South Africa","Omega-3 fatty acids",86.869516407219,86.869516407219
"ZAF","South Africa","Vitamin A, RAE",22.6429183321133,22.6429183321133
"ZAF","South Africa","Vitamin B-12",1.08330713283822,1.08330713283822
"ZAF","South Africa","Zinc",0.583300766153109,0.583300766153109
"ZMB","Zambia","Calcium",98.5099602818541,98.5099602818541
"ZMB","Zambia","Iron",15.4602061727045,15.4602061727045
"ZMB","Zambia","Omega-3 fatty acids",68.6245256853153,68.6245256853153
"ZMB","Zambia","Vitamin A, RAE",65.696769181508,65.696769181508
"ZMB","Zambia","Vitamin B-12",13.8254651932109,13.8254651932109
"ZMB","Zambia","Zinc",5.28645835305668,5.28645835305668
"ZWE","Zimbabwe","Calcium",98.5043164016402,98.5043164016402
"ZWE","Zimbabwe","Iron",9.38072187316768,9.38072187316768
"ZWE","Zimbabwe","Omega-3 fatty acids",85.8526523064143,85.8526523064143
"ZWE","Zimbabwe","Vitamin A, RAE",84.8924720155297,84.8924720155297
"ZWE","Zimbabwe","Vitamin B-12",52.2874720278608,52.2874720278608
"ZWE","Zimbabwe","Zinc",5.08589814173221,5.08589814173221
