"iso3","country","nutrient","sev_base","sev_high","sev_delta"
"AFG","Afghanistan","Calcium",96.9770603857586,96.9698547978916,-0.00720558786692642
"AFG","Afghanistan","DHA+EPA fatty acids",96.8510010148077,96.8233526618345,-0.0276483529731735
"AFG","Afghanistan","Iron",46.9672613840115,46.8801530174431,-0.0871083665684326
"AFG","Afghanistan","Vitamin A",85.1865388370699,85.1729751518802,-0.0135636851897424
"AFG","Afghanistan","Vitamin B-12",53.4016801832095,53.2867298312686,-0.114950351940935
"AFG","Afghanistan","Zinc",89.6111343049224,89.5904843888844,-0.0206499160379419
"AGO","Angola","Calcium",97.6228495222461,97.5949413084983,-0.0279082137477896
"AGO","Angola","DHA+EPA fatty acids",29.2111289524931,26.8036412117449,-2.40748774074819
"AGO","Angola","Iron",18.758337146347,18.4533592115403,-0.304977934806697
"AGO","Angola","Vitamin A",27.0254340272174,26.9395950391085,-0.0858389881089253
"AGO","Angola","Vitamin B-12",28.6046793171528,27.6694880340819,-0.935191283070857
"AGO","Angola","Zinc",21.4597776355502,21.0458262565782,-0.41395137897196
"ALB","Albania","Calcium",0.0174900764305724,0.0172447268860269,-0.000245349544545516
"ALB","Albania","DHA+EPA fatty acids",33.2036771007152,28.4371842037991,-4.76649289691605
"ALB","Albania","Iron",0.17759249546445,0.171268281202504,-0.00632421426194544
"ALB","Albania","Vitamin A",0.000334117976299618,0.000384045974660019,4.99279983604013e-05
"ALB","Albania","Vitamin B-12",1.78169024202278e-19,1.23160337298428e-20,-1.65852990472435e-19
"ALB","Albania","Zinc",4.12607768601631e-05,3.56416121134347e-05,-5.6191647467285e-06
"ARE","United Arab Emirates","Calcium",51.6420964101145,50.7432956816851,-0.898800728429338
"ARE","United Arab Emirates","DHA+EPA fatty acids",0,0,0
"ARE","United Arab Emirates","Iron",0.115415815786116,0.110083771309386,-0.0053320444767299
"ARE","United Arab Emirates","Vitamin A",3.58203008329004,3.61932521687946,0.0372951335894184
"ARE","United Arab Emirates","Vitamin B-12",0.000817269258287718,0.00037523412046331,-0.000442035137824408
"ARE","United Arab Emirates","Zinc",0.000101050358936615,8.38004083899742e-05,-1.72499505466404e-05
"ARG","Argentina","Calcium",95.0691354675867,95.0107029471828,-0.0584325204038585
"ARG","Argentina","DHA+EPA fatty acids",80.1911808916028,78.6516179528697,-1.53956293873315
"ARG","Argentina","Iron",2.16286276686364,2.13153958427676,-0.0313231825868744
"ARG","Argentina","Vitamin A",2.69379870394864e-18,2.95163863896914e-18,2.57839935020495e-19
"ARG","Argentina","Vitamin B-12",0,0,0
"ARG","Argentina","Zinc",1.18570163476223e-05,1.16000605194882e-05,-2.5695582813405e-07
"ARM","Armenia","Calcium",26.9964853971125,27.3695551765151,0.373069779402597
"ARM","Armenia","DHA+EPA fatty acids",41.0932268629118,39.0082628063221,-2.08496405658965
"ARM","Armenia","Iron",0.784931493380505,0.794488775685181,0.00955728230467466
"ARM","Armenia","Vitamin A",5.75408703732813e-07,1.09679984331778e-06,5.21391139584963e-07
"ARM","Armenia","Vitamin B-12",0,0,0
"ARM","Armenia","Zinc",0.0133314466455856,0.0149143269409117,0.00158288029532609
"ATG","Antigua & Barbuda","Calcium",54.5392710507178,52.0188039420445,-2.52046710867332
"ATG","Antigua & Barbuda","DHA+EPA fatty acids",0,0,0
"ATG","Antigua & Barbuda","Iron",3.96473900112731,3.55915396663074,-0.405585034496565
"ATG","Antigua & Barbuda","Vitamin A",2.35839689455843,2.45681671974954,0.0984198251911102
"ATG","Antigua & Barbuda","Vitamin B-12",5.288394607034e-13,1.98589172622753e-14,-5.08980543441125e-13
"ATG","Antigua & Barbuda","Zinc",2.02517220423135,1.48520182976696,-0.539970374464392
"AUS","Australia","Calcium",49.6429455752096,49.222708976474,-0.420236598735612
"AUS","Australia","DHA+EPA fatty acids",0,0,0
"AUS","Australia","Iron",0.642941874253396,0.636242737879597,-0.00669913637380035
"AUS","Australia","Vitamin A",3.92871299716533e-12,5.30957225707175e-12,1.38085925990642e-12
"AUS","Australia","Vitamin B-12",0,0,0
"AUS","Australia","Zinc",2.92289331086176e-05,2.98783870335696e-05,6.49453924952176e-07
"AUT","Austria","Calcium",52.6353101628991,52.2835321891109,-0.351777973788197
"AUT","Austria","DHA+EPA fatty acids",4.05978106133055,3.00468688581925,-1.05509417551129
"AUT","Austria","Iron",2.34985400575856,2.29862605831716,-0.0512279474413923
"AUT","Austria","Vitamin A",30.6458499959453,30.661097198241,0.0152472022956712
"AUT","Austria","Vitamin B-12",0.0937644854584949,0.073823058825901,-0.019941426632594
"AUT","Austria","Zinc",0.00818743402518328,0.00769738169052144,-0.000490052334661839
"AZE","Azerbaijan","Calcium",79.814410944874,79.9313162096269,0.116905264752919
"AZE","Azerbaijan","DHA+EPA fatty acids",80.0277687841027,79.0369595841731,-0.990809199929609
"AZE","Azerbaijan","Iron",0.475929457060945,0.484321474135276,0.00839201707433072
"AZE","Azerbaijan","Vitamin A",12.1975185596455,12.4961162369788,0.298597677333346
"AZE","Azerbaijan","Vitamin B-12",0.0844965982809967,0.091300635489701,0.00680403720870421
"AZE","Azerbaijan","Zinc",6.13027584743723,6.35624904684425,0.225973199407017
"BDI","Burundi","Calcium",99.2279151040103,99.2264750222626,-0.00144008174768899
"BDI","Burundi","DHA+EPA fatty acids",86.2241181983663,86.0567682145378,-0.167349983828486
"BDI","Burundi","Iron",99.1531295125779,99.1518245352466,-0.00130497733122006
"BDI","Burundi","Vitamin A",90.7715579630926,90.7713957150194,-0.000162248073174709
"BDI","Burundi","Vitamin B-12",88.1456423361188,88.0637451735708,-0.0818971625480331
"BDI","Burundi","Zinc",99.4408964243734,99.4401701025128,-0.000726321860605949
"BEL","Belgium","Calcium",52.8462601031573,52.4980055190577,-0.348254584099618
"BEL","Belgium","DHA+EPA fatty acids",4.05978106133055,3.00468688581925,-1.05509417551129
"BEL","Belgium","Iron",2.39922735356442,2.34728801635822,-0.051939337206198
"BEL","Belgium","Vitamin A",31.2361621672808,31.251441103019,0.0152789357381683
"BEL","Belgium","Vitamin B-12",0.0937644854584949,0.073823058825901,-0.019941426632594
"BEL","Belgium","Zinc",0.00973605619449046,0.00917836281754654,-0.000557693376943934
"BEN","Benin","Calcium",97.9006151008052,97.7626304295448,-0.137984671260381
"BEN","Benin","DHA+EPA fatty acids",29.5487980390939,27.2674472257433,-2.28135081335059
"BEN","Benin","Iron",56.2879100957199,55.7162707928279,-0.571639302891924
"BEN","Benin","Vitamin A",13.7734789354256,13.6486591065225,-0.124819828903082
"BEN","Benin","Vitamin B-12",31.5883717738333,29.9355215938688,-1.65285017996452
"BEN","Benin","Zinc",64.7320171874444,64.3712794841317,-0.360737703312653
"BFA","Burkina Faso","Calcium",99.6046795414735,99.5972906269091,-0.00738891456441344
"BFA","Burkina Faso","DHA+EPA fatty acids",64.682030911662,63.1784910895246,-1.50353982213745
"BFA","Burkina Faso","Iron",16.6976804024564,16.6415888475293,-0.0560915549271637
"BFA","Burkina Faso","Vitamin A",84.1679186022327,84.1539650547694,-0.0139535474633165
"BFA","Burkina Faso","Vitamin B-12",33.7236192208239,32.6861100196755,-1.03750920114836
"BFA","Burkina Faso","Zinc",22.0022323270369,21.7737162181048,-0.228516108932134
"BGD","Bangladesh","Calcium",91.8976497041881,91.2493584914636,-0.648291212724479
"BGD","Bangladesh","DHA+EPA fatty acids",1.75808305106312,1.50009666252722,-0.257986388535901
"BGD","Bangladesh","Iron",33.7822126128017,33.2429927949584,-0.53921981784335
"BGD","Bangladesh","Vitamin A",82.7139054376374,82.6809420515732,-0.032963386064252
"BGD","Bangladesh","Vitamin B-12",27.5419336150156,24.1869511357352,-3.35498247928046
"BGD","Bangladesh","Zinc",8.96519459768986,8.58130391428315,-0.383890683406701
"BGR","Bulgaria","Calcium",52.6388623179793,52.2796794143146,-0.359182903664725
"BGR","Bulgaria","DHA+EPA fatty acids",4.05978106133055,3.00468688581925,-1.05509417551129
"BGR","Bulgaria","Iron",2.63077389817336,2.57271054215965,-0.0580633560137173
"BGR","Bulgaria","Vitamin A",31.2833252515877,31.2986338568516,0.0153086052639395
"BGR","Bulgaria","Vitamin B-12",0.0937644854584949,0.073823058825901,-0.019941426632594
"BGR","Bulgaria","Zinc",0.00726797342975146,0.00682336497042893,-0.000444608459322551
"BHR","Bahrain","Calcium",96.5930640401927,96.561999974433,-0.0310640657597641
"BHR","Bahrain","DHA+EPA fatty acids",22.2746680035659,19.635664456058,-2.63900354750791
"BHR","Bahrain","Iron",95.4205585790016,95.3736506871017,-0.0469078918998502
"BHR","Bahrain","Vitamin A",92.7217161050879,92.7189363899996,-0.00277971508831989
"BHR","Bahrain","Vitamin B-12",65.0608845798266,63.7946954589065,-1.26618912092011
"BHR","Bahrain","Zinc",93.6085022594248,93.5200811410738,-0.0884211183510089
"BHS","Bahamas","Calcium",84.1659660676474,83.6805939648265,-0.485372102820908
"BHS","Bahamas","DHA+EPA fatty acids",9.47754999746093,5.87061024657444,-3.6069397508865
"BHS","Bahamas","Iron",15.705519137671,14.9727770432141,-0.732742094456915
"BHS","Bahamas","Vitamin A",37.0949901066239,37.466621735814,0.37163162919015
"BHS","Bahamas","Vitamin B-12",0.00680159713564172,0.00323931534876507,-0.00356228178687664
"BHS","Bahamas","Zinc",5.99358764465138,5.42491593126083,-0.568671713390554
"BIH","Bosnia & Herzegovina","Calcium",39.6856611761105,39.6832494581615,-0.00241171794901259
"BIH","Bosnia & Herzegovina","DHA+EPA fatty acids",81.5005084667893,79.9283019774246,-1.57220648936471
"BIH","Bosnia & Herzegovina","Iron",0.523838147335734,0.519027955672513,-0.00481019166321996
"BIH","Bosnia & Herzegovina","Vitamin A",0.0773367228070318,0.0798062696643706,0.00246954685733863
"BIH","Bosnia & Herzegovina","Vitamin B-12",0.0766653284777343,0.0720252236744699,-0.0046401048032643
"BIH","Bosnia & Herzegovina","Zinc",0.000443714045197008,0.000433131611544849,-1.05824336521591e-05
"BLR","Belarus","Calcium",70.6122798383633,70.4519175917553,-0.160362246607983
"BLR","Belarus","DHA+EPA fatty acids",25.4452402048247,19.6812621493201,-5.76397805550459
"BLR","Belarus","Iron",2.80137676890709,2.74204565699394,-0.0593311119131552
"BLR","Belarus","Vitamin A",0.000324966126901203,0.00039307129307972,6.81051661785167e-05
"BLR","Belarus","Vitamin B-12",0,0,0
"BLR","Belarus","Zinc",0.0137192912711787,0.0132869904282952,-0.000432300842883454
"BLZ","Belize","Calcium",86.0137411794822,85.760381896609,-0.253359282873121
"BLZ","Belize","DHA+EPA fatty acids",5.77510299899328,4.08354033927973,-1.69156265971354
"BLZ","Belize","Iron",7.57447182939175,7.32316576451035,-0.251306064881403
"BLZ","Belize","Vitamin A",69.6081089876023,69.7180351350937,0.109926147491451
"BLZ","Belize","Vitamin B-12",4.01081072769653,2.98210448623998,-1.02870624145655
"BLZ","Belize","Zinc",17.6715455683042,17.0812266930356,-0.590318875268605
"BOL","Bolivia","Calcium",99.5572977468431,99.5559954962487,-0.00130225059443028
"BOL","Bolivia","DHA+EPA fatty acids",81.5701325516409,80.2904567691501,-1.27967578249086
"BOL","Bolivia","Iron",8.88017185493111,8.89138743527471,0.0112155803435984
"BOL","Bolivia","Vitamin A",77.4158734578711,77.7667322727995,0.350858814928399
"BOL","Bolivia","Vitamin B-12",12.0475256767764,12.1292068370491,0.0816811602726544
"BOL","Bolivia","Zinc",0.413253293395428,0.423843296594448,0.0105900031990207
"BRA","Brazil","Calcium",72.5469017388868,72.253846596836,-0.293055142050829
"BRA","Brazil","DHA+EPA fatty acids",57.8388404538818,57.0705927926245,-0.768247661257329
"BRA","Brazil","Iron",8.39943902805327,8.36679208524311,-0.0326469428101705
"BRA","Brazil","Vitamin A",3.3721063421533,3.39241094243124,0.0203046002779396
"BRA","Brazil","Vitamin B-12",0,0,0
"BRA","Brazil","Zinc",3.15372449905059e-06,2.9286755281005e-06,-2.25048970950086e-07
"BRB","Barbados","Calcium",71.1526174829606,69.9437086721895,-1.2089088107711
"BRB","Barbados","DHA+EPA fatty acids",0.351955443402717,0.0268919382798839,-0.325063505122834
"BRB","Barbados","Iron",1.66943916689456,1.52730697251149,-0.142132194383071
"BRB","Barbados","Vitamin A",13.0992869525979,13.3774171958826,0.278130243284756
"BRB","Barbados","Vitamin B-12",0.00286191245162718,0.00124598888438338,-0.00161592356724379
"BRB","Barbados","Zinc",2.63700963599424,2.24206441362556,-0.394945222368681
"BRN","Brunei","Calcium",76.4249508110774,75.1257369300745,-1.29921388100288
"BRN","Brunei","DHA+EPA fatty acids",0,0,0
"BRN","Brunei","Iron",0.00417940959673606,0.00344078655371637,-0.000738623043019691
"BRN","Brunei","Vitamin A",10.0428498245549,10.2819997915423,0.239149966987423
"BRN","Brunei","Vitamin B-12",3.71950385504724e-07,8.95464265358133e-08,-2.82403958968911e-07
"BRN","Brunei","Zinc",0.275159185630233,0.254387209289308,-0.0207719763409252
"BTN","Bhutan","Calcium",99.2289723982181,99.2187565874783,-0.0102158107398697
"BTN","Bhutan","DHA+EPA fatty acids",59.8216240141097,57.2739635375421,-2.54766047656758
"BTN","Bhutan","Iron",85.2631106781456,85.2206791732623,-0.0424315048833012
"BTN","Bhutan","Vitamin A",92.6179748055985,92.6168861335457,-0.00108867205279282
"BTN","Bhutan","Vitamin B-12",84.0544935544164,83.7586522606345,-0.29584129378189
"BTN","Bhutan","Zinc",88.5654108938075,88.5134241108194,-0.051986782988045
"BWA","Botswana","Calcium",89.8984035143024,89.8545625899506,-0.0438409243518272
"BWA","Botswana","DHA+EPA fatty acids",84.70591548816,84.2596576044794,-0.446257883680586
"BWA","Botswana","Iron",4.32583711018268,4.30525043071949,-0.0205866794631883
"BWA","Botswana","Vitamin A",27.3358634884234,27.3188278653755,-0.0170356230479773
"BWA","Botswana","Vitamin B-12",0.000718370946620392,0.000668283406839744,-5.00875397806472e-05
"BWA","Botswana","Zinc",3.6532365554611,3.62021032818549,-0.0330262272756111
"CAF","Central African Republic","Calcium",97.7144806309504,97.7039809481751,-0.0104996827752796
"CAF","Central African Republic","DHA+EPA fatty acids",71.505642178593,70.0746464901842,-1.43099568840881
"CAF","Central African Republic","Iron",92.0246496813445,91.9810115530107,-0.0436381283338285
"CAF","Central African Republic","Vitamin A",44.9156994047814,44.8602478766822,-0.0554515280991891
"CAF","Central African Republic","Vitamin B-12",0.000779512305516666,0.000702231008706986,-7.72812968096766e-05
"CAF","Central African Republic","Zinc",88.6333078149771,88.5295820762155,-0.103725738761605
"CAN","Canada","Calcium",70.973119677525,70.7847096990892,-0.18840997843574
"CAN","Canada","DHA+EPA fatty acids",0,0,0
"CAN","Canada","Iron",0.404590379923583,0.398384212489101,-0.00620616743448277
"CAN","Canada","Vitamin A",11.0813959220499,11.4399722611626,0.358576339112762
"CAN","Canada","Vitamin B-12",2.99819594436715,2.54213576266144,-0.456060181705715
"CAN","Canada","Zinc",0.0131762178832443,0.0128862208264849,-0.000289997056759354
"CHE","Switzerland","Calcium",60.1932719115222,60.1275914335165,-0.0656804780056765
"CHE","Switzerland","DHA+EPA fatty acids",20.3564631607475,19.9399226931949,-0.416540467552576
"CHE","Switzerland","Iron",2.37665614020623,2.36265658842443,-0.0139995517817905
"CHE","Switzerland","Vitamin A",1.29841422657392,1.29882731381924,0.000413087245320202
"CHE","Switzerland","Vitamin B-12",1.77948980527393e-06,1.84926863588923e-06,6.97788306153069e-08
"CHE","Switzerland","Zinc",0.0263938781376587,0.0261028337478121,-0.000291044389846522
"CHL","Chile","Calcium",92.4865564701893,92.187995396177,-0.298561074012303
"CHL","Chile","DHA+EPA fatty acids",25.5350506482343,23.364664976171,-2.17038567206334
"CHL","Chile","Iron",0.620203224347782,0.607440271955304,-0.0127629523924786
"CHL","Chile","Vitamin A",11.0548200545671,11.2047302545913,0.149910200024255
"CHL","Chile","Vitamin B-12",8.51390940388667e-06,4.87486860987237e-06,-3.63904079401432e-06
"CHL","Chile","Zinc",0,0,0
"CHN","China","Calcium",49.8832634935722,48.3756720353127,-1.50759145825948
"CHN","China","DHA+EPA fatty acids",1.07817983533523,0.881185167344847,-0.196994667990379
"CHN","China","Iron",1.36369185889819,1.30495565384345,-0.0587362050547432
"CHN","China","Vitamin A",4.63841442570667e-12,1.51718854173837e-11,1.0533470991677e-11
"CHN","China","Vitamin B-12",2.60027379044165e-06,9.43110230971101e-07,-1.65716355947055e-06
"CHN","China","Zinc",0.0353623148441794,0.0351958347338548,-0.000166480110324596
"CIV","Côte d’Ivoire","Calcium",99.4209419871191,99.3816255770457,-0.039316410073366
"CIV","Côte d’Ivoire","DHA+EPA fatty acids",36.85556383455,32.8462435275212,-4.00932030702879
"CIV","Côte d’Ivoire","Iron",42.3266566154718,41.5454672377145,-0.781189377757257
"CIV","Côte d’Ivoire","Vitamin A",40.515871086278,40.5056335096796,-0.0102375765984499
"CIV","Côte d’Ivoire","Vitamin B-12",8.23142658419332e-06,3.91667637744759e-06,-4.31475020674571e-06
"CIV","Côte d’Ivoire","Zinc",56.4274281994364,55.3923066051763,-1.0351215942601
"CMR","Cameroon","Calcium",93.3743304032563,92.9658588325402,-0.408471570716124
"CMR","Cameroon","DHA+EPA fatty acids",13.3647351404677,11.1678601473565,-2.1968749931112
"CMR","Cameroon","Iron",1.69802010200254,1.59938943110328,-0.0986306708992556
"CMR","Cameroon","Vitamin A",48.5349243510509,48.5193975720061,-0.0155267790448205
"CMR","Cameroon","Vitamin B-12",35.3673550447109,32.9861134321993,-2.38124161251158
"CMR","Cameroon","Zinc",0.284257418350822,0.253632111884087,-0.0306253064667359
"COD","Congo - Kinshasa","Calcium",99.187781235454,99.1843511224267,-0.00343011302729828
"COD","Congo - Kinshasa","DHA+EPA fatty acids",79.5960813321482,78.9554453962198,-0.640635935928352
"COD","Congo - Kinshasa","Iron",99.0655023131035,99.0601900129294,-0.00531230017414366
"COD","Congo - Kinshasa","Vitamin A",90.7630476527357,90.7625061748951,-0.000541477840593885
"COD","Congo - Kinshasa","Vitamin B-12",88.4968701599085,88.4237582186932,-0.0731119412153376
"COD","Congo - Kinshasa","Zinc",99.42355802942,99.4219928663407,-0.00156516307930055
"COG","Congo - Brazzaville","Calcium",95.4428411099087,95.0439532445301,-0.398887865378611
"COG","Congo - Brazzaville","DHA+EPA fatty acids",6.7106290683352,3.46113499718633,-3.24949407114886
"COG","Congo - Brazzaville","Iron",68.7240620747037,67.0600523922819,-1.66400968242184
"COG","Congo - Brazzaville","Vitamin A",71.845895359787,71.8093099632992,-0.0365853964877976
"COG","Congo - Brazzaville","Vitamin B-12",0.46542426567976,0.30774817946656,-0.157676086213201
"COG","Congo - Brazzaville","Zinc",91.7452896445991,91.4587675799583,-0.286522064640862
"COL","Colombia","Calcium",84.2515494234257,84.0447478975784,-0.206801525847322
"COL","Colombia","DHA+EPA fatty acids",53.2699410937266,51.1740464978121,-2.09589459591448
"COL","Colombia","Iron",9.01046845752141,8.99877634073616,-0.011692116785252
"COL","Colombia","Vitamin A",0.00809327131745441,0.00892314924913841,0.000829877931684001
"COL","Colombia","Vitamin B-12",0,0,0
"COL","Colombia","Zinc",0.000897587629712686,0.000916314033659855,1.87264039471684e-05
"COM","Comoros","Calcium",99.0856532710686,99.0760060921559,-0.00964717891262659
"COM","Comoros","DHA+EPA fatty acids",37.1812062843891,34.7114140528572,-2.46979223153192
"COM","Comoros","Iron",94.2476291928575,94.1668020965021,-0.0808270963554555
"COM","Comoros","Vitamin A",90.7488015717596,90.7475181286512,-0.00128344310845172
"COM","Comoros","Vitamin B-12",67.8666447796397,66.4565104023362,-1.4101343773035
"COM","Comoros","Zinc",94.0550019259767,93.9945540921068,-0.0604478338698577
"CPV","Cape Verde","Calcium",93.8458349086192,93.6339985227861,-0.211836385833101
"CPV","Cape Verde","DHA+EPA fatty acids",31.1630301457635,27.2933998008385,-3.86963034492498
"CPV","Cape Verde","Iron",6.24977374468829,6.08562289727696,-0.164150847411341
"CPV","Cape Verde","Vitamin A",11.8639961345468,11.8235084439117,-0.0404876906350959
"CPV","Cape Verde","Vitamin B-12",2.21021465227349,1.31031094661484,-0.899903705658653
"CPV","Cape Verde","Zinc",4.08500978746271,3.92694146021951,-0.158068327243206
"CRI","Costa Rica","Calcium",61.4346798319995,60.9507612305473,-0.483918601452231
"CRI","Costa Rica","DHA+EPA fatty acids",14.1140735945079,9.96338304566734,-4.15069054884053
"CRI","Costa Rica","Iron",8.1307575588558,7.89816926242796,-0.232588296427852
"CRI","Costa Rica","Vitamin A",36.128739090625,36.4152906600071,0.286551569382025
"CRI","Costa Rica","Vitamin B-12",0.00677377364427025,0.00464616893841903,-0.00212760470585121
"CRI","Costa Rica","Zinc",3.35947601095177,3.18502247933204,-0.174453531619735
"CUB","Cuba","Calcium",72.5484194500928,72.4591070373613,-0.0893124127314985
"CUB","Cuba","DHA+EPA fatty acids",78.6156912995695,75.7203891041577,-2.8953021954118
"CUB","Cuba","Iron",0.000103185656270048,0.000101751291665169,-1.43436460487894e-06
"CUB","Cuba","Vitamin A",0.00090404002361817,0.00102355591657402,0.000119515892955854
"CUB","Cuba","Vitamin B-12",1.07121047800745,1.03220750941408,-0.0390029685933731
"CUB","Cuba","Zinc",2.1102591805241e-15,2.11612058079897e-15,5.86140027486339e-18
"CYP","Cyprus","Calcium",52.8593816456185,52.5054214977807,-0.353960147837778
"CYP","Cyprus","DHA+EPA fatty acids",4.05978106133055,3.00468688581925,-1.05509417551129
"CYP","Cyprus","Iron",2.51652735624049,2.46355324173098,-0.0529741145095059
"CYP","Cyprus","Vitamin A",30.9723614474978,30.9877515361395,0.0153900886417739
"CYP","Cyprus","Vitamin B-12",0.0937644854584949,0.073823058825901,-0.019941426632594
"CYP","Cyprus","Zinc",0.01001615596052,0.00945449527448818,-0.000561660686031853
"CZE","Czechia","Calcium",52.7694992185939,52.4143404556918,-0.355158762902027
"CZE","Czechia","DHA+EPA fatty acids",4.05978106133055,3.00468688581925,-1.05509417551129
"CZE","Czechia","Iron",2.50769225829503,2.45223577408349,-0.0554564842115321
"CZE","Czechia","Vitamin A",30.6310802378954,30.6464876367473,0.0154073988519621
"CZE","Czechia","Vitamin B-12",0.0937644854584949,0.073823058825901,-0.019941426632594
"CZE","Czechia","Zinc",0.0082519691941852,0.00776698458490169,-0.000484984609283528
"DEU","Germany","Calcium",52.4464188060149,52.0964273824052,-0.349991423609638
"DEU","Germany","DHA+EPA fatty acids",4.05978106133055,3.00468688581925,-1.05509417551129
"DEU","Germany","Iron",2.37602327941843,2.32334114794889,-0.0526821314695381
"DEU","Germany","Vitamin A",30.4960295826981,30.5112781783311,0.0152485956330586
"DEU","Germany","Vitamin B-12",0.0937644854584949,0.073823058825901,-0.019941426632594
"DEU","Germany","Zinc",0.00790564628835072,0.00742459148409137,-0.000481054804259359
"DJI","Djibouti","Calcium",96.277141561974,96.2558291329981,-0.0213124289758742
"DJI","Djibouti","DHA+EPA fatty acids",74.9344629144035,73.7996037804083,-1.13485913399524
"DJI","Djibouti","Iron",5.35949027979961,5.32128832347016,-0.0382019563294451
"DJI","Djibouti","Vitamin A",70.2293274493021,70.1918041272383,-0.0375233220638163
"DJI","Djibouti","Vitamin B-12",23.9220621598473,23.5132336942043,-0.408828465643
"DJI","Djibouti","Zinc",11.9169715976631,11.7717162521446,-0.145255345518576
"DMA","Dominica","Calcium",61.4661233127598,60.877644882396,-0.588478430363808
"DMA","Dominica","DHA+EPA fatty acids",16.7184595684085,11.0912334492912,-5.62722611911737
"DMA","Dominica","Iron",8.5379109253427,8.2566694098815,-0.281241515461209
"DMA","Dominica","Vitamin A",0.0761393264584029,0.0811455376236137,0.0050062111652107
"DMA","Dominica","Vitamin B-12",1.64859368966646,1.31506145425149,-0.333532235414963
"DMA","Dominica","Zinc",6.79987650675715,6.41708345961977,-0.382793047137381
"DNK","Denmark","Calcium",52.1367699122074,51.7881992291373,-0.348570683070092
"DNK","Denmark","DHA+EPA fatty acids",4.05978106133055,3.00468688581925,-1.05509417551129
"DNK","Denmark","Iron",2.60057141651396,2.54324818469342,-0.0573232318205494
"DNK","Denmark","Vitamin A",30.6701779649697,30.6853801510226,0.0152021860528186
"DNK","Denmark","Vitamin B-12",0.0937644854584949,0.073823058825901,-0.019941426632594
"DNK","Denmark","Zinc",0.00867621225735226,0.0081418380011734,-0.000534374256178866
"DOM","Dominican Republic","Calcium",69.040212753073,68.7232290988877,-0.316983654185246
"DOM","Dominican Republic","DHA+EPA fatty acids",48.1371925625664,43.8371503403675,-4.30004222219891
"DOM","Dominican Republic","Iron",5.84271345763628,5.74681863411608,-0.0958948235201941
"DOM","Dominican Republic","Vitamin A",8.0730966147849e-07,1.1479639049436e-06,3.40654243465107e-07
"DOM","Dominican Republic","Vitamin B-12",0.151398913639953,0.14149303513528,-0.00990587850467299
"DOM","Dominican Republic","Zinc",4.30714113840356,4.26407703874442,-0.0430640996591404
"DZA","Algeria","Calcium",43.8530494111947,43.6497181499156,-0.203331261279156
"DZA","Algeria","DHA+EPA fatty acids",52.2186164052615,43.3727562759437,-8.84586012931785
"DZA","Algeria","Iron",0.150325325976942,0.14981001333575,-0.0005153126411914
"DZA","Algeria","Vitamin A",24.5155792820114,24.9722776530361,0.456698371024622
"DZA","Algeria","Vitamin B-12",6.967535444328,6.35926818408954,-0.608267260238468
"DZA","Algeria","Zinc",1.12872199557095,1.13313332385794,0.00441132828699293
"ECU","Ecuador","Calcium",98.925289432525,98.9109857572617,-0.0143036752633503
"ECU","Ecuador","DHA+EPA fatty acids",68.8514191870169,66.2458122231702,-2.60560696384667
"ECU","Ecuador","Iron",11.4083789508474,11.3551239987014,-0.0532549521460379
"ECU","Ecuador","Vitamin A",32.4382354235941,32.8333314360918,0.39509601249774
"ECU","Ecuador","Vitamin B-12",4.02789285443455e-06,3.50296788345537e-06,-5.24924970979184e-07
"ECU","Ecuador","Zinc",1.54801024488204,1.52966394436314,-0.0183463005189034
"EGY","Egypt","Calcium",81.4087393300436,80.5883615166727,-0.82037781337086
"EGY","Egypt","DHA+EPA fatty acids",14.5496597543412,9.53908246565465,-5.01057728868658
"EGY","Egypt","Iron",0.171276368185638,0.15917254774759,-0.0121038204380479
"EGY","Egypt","Vitamin A",0.962422052314684,0.982996935400327,0.0205748830856435
"EGY","Egypt","Vitamin B-12",4.27705080786438e-17,1.07920826537128e-17,-3.19784254249308e-17
"EGY","Egypt","Zinc",0.0321388114285138,0.029281160282826,-0.00285765114568774
"ERI","Eritrea","Calcium",99.2496092821535,99.2491733890407,-0.000435893112842578
"ERI","Eritrea","DHA+EPA fatty acids",88.4797958596309,88.4340325961825,-0.0457632634484364
"ERI","Eritrea","Iron",95.7566308382779,95.754909353822,-0.00172148445586941
"ERI","Eritrea","Vitamin A",90.7734736319909,90.7734042768638,-6.93551270661175e-05
"ERI","Eritrea","Vitamin B-12",89.5299260210162,89.512449162142,-0.0174768588742204
"ERI","Eritrea","Zinc",95.1854027082267,95.1834331739816,-0.00196953424507349
"ESH","Western Sahara","Calcium",97.0996023732889,97.0996023161604,-5.71285120543053e-08
"ESH","Western Sahara","DHA+EPA fatty acids",94.5815759137788,94.5815726293206,-3.28445817056415e-06
"ESH","Western Sahara","Iron",99.3884049380005,99.3884049386177,6.17188433693627e-10
"ESH","Western Sahara","Vitamin A",92.775778589463,92.775778588022,-1.44104959076685e-09
"ESH","Western Sahara","Vitamin B-12",84.2857396153506,84.2857393039532,-3.11397405994285e-07
"ESH","Western Sahara","Zinc",99.2480592794551,99.2480592897948,1.03396658346355e-08
"ESP","Spain","Calcium",53.0442591583344,52.6926860448552,-0.351573113479197
"ESP","Spain","DHA+EPA fatty acids",4.05978106133055,3.00468688581925,-1.05509417551129
"ESP","Spain","Iron",2.48361172732286,2.43052468427287,-0.0530870430499958
"ESP","Spain","Vitamin A",31.0896498527855,31.105007930575,0.0153580777895091
"ESP","Spain","Vitamin B-12",0.0937644854584949,0.073823058825901,-0.019941426632594
"ESP","Spain","Zinc",0.0102029588290087,0.00963173046487226,-0.000571228364136472
"EST","Estonia","Calcium",52.6568841792696,52.3015555499107,-0.355328629358917
"EST","Estonia","DHA+EPA fatty acids",4.05978106133055,3.00468688581925,-1.05509417551129
"EST","Estonia","Iron",2.4424266339119,2.38874855872444,-0.0536780751874609
"EST","Estonia","Vitamin A",31.4880845163274,31.5033512559903,0.015266739662866
"EST","Estonia","Vitamin B-12",0.0937644854584949,0.073823058825901,-0.019941426632594
"EST","Estonia","Zinc",0.00763947453302059,0.00717362665056928,-0.00046584788245131
"ETH","Ethiopia","Calcium",97.5270368842808,97.5266965768584,-0.00034030742245541
"ETH","Ethiopia","DHA+EPA fatty acids",88.8726774543336,88.8726003040998,-7.71502338049383e-05
"ETH","Ethiopia","Iron",24.1797762056467,24.1592640982132,-0.0205121074335061
"ETH","Ethiopia","Vitamin A",43.4047204063589,43.3892291282692,-0.0154912780897316
"ETH","Ethiopia","Vitamin B-12",58.1547683632045,58.1452378253884,-0.00953053781610107
"ETH","Ethiopia","Zinc",5.43617913630892,5.42411298361331,-0.012066152695615
"FIN","Finland","Calcium",52.0139302119444,51.6617056606588,-0.352224551285644
"FIN","Finland","DHA+EPA fatty acids",4.05978106133055,3.00468688581925,-1.05509417551129
"FIN","Finland","Iron",2.65317554283305,2.59410517789593,-0.0590703649371173
"FIN","Finland","Vitamin A",30.5696964808444,30.5849102512628,0.0152137704183648
"FIN","Finland","Vitamin B-12",0.0937644854584949,0.073823058825901,-0.019941426632594
"FIN","Finland","Zinc",0.0076961326805763,0.00722019187298617,-0.000475940807590146
"FJI","Fiji","Calcium",88.6894639510029,87.8684918556013,-0.820972095401541
"FJI","Fiji","DHA+EPA fatty acids",4.47889329878012,2.74574567310541,-1.73314762567472
"FJI","Fiji","Iron",0.592041192336018,0.557749678595578,-0.0342915137404403
"FJI","Fiji","Vitamin A",0.295018097769852,0.317282344095097,0.0222642463252447
"FJI","Fiji","Vitamin B-12",8.16490954755450e-12,1.13877422942042e-12,-7.02613531813407e-12
"FJI","Fiji","Zinc",3.77878553909585,3.58532416574481,-0.193461373351039
"FRA","France","Calcium",52.391585036502,52.0378429183303,-0.353742118171737
"FRA","France","DHA+EPA fatty acids",4.05978106133055,3.00468688581925,-1.05509417551129
"FRA","France","Iron",2.53397373591241,2.47905377622726,-0.0549199596851521
"FRA","France","Vitamin A",30.399276956683,30.4145775343846,0.0153005777015473
"FRA","France","Vitamin B-12",0.0937644854584949,0.073823058825901,-0.019941426632594
"FRA","France","Zinc",0.00934034596687443,0.00879712652806734,-0.000543219438807088
"FSM","Micronesia (Federated States of)","Calcium",99.2133772342302,99.1974620986425,-0.015915135587711
"FSM","Micronesia (Federated States of)","DHA+EPA fatty acids",0,0,0
"FSM","Micronesia (Federated States of)","Iron",85.0288319594352,83.1297457572507,-1.89908620218447
"FSM","Micronesia (Federated States of)","Vitamin A",96.5700352902351,96.5652623083568,-0.00477298187832425
"FSM","Micronesia (Federated States of)","Vitamin B-12",6.04808635898815e-09,2.47992002721217e-11,-6.02328715871603e-09
"FSM","Micronesia (Federated States of)","Zinc",78.9800393993483,77.8246843174398,-1.15535508190845
"GAB","Gabon","Calcium",91.0560346331828,90.0864882284301,-0.96954640475263
"GAB","Gabon","DHA+EPA fatty acids",0.570019561288028,0,-0.570019561288028
"GAB","Gabon","Iron",1.82364617865762,1.66575381624564,-0.157892362411985
"GAB","Gabon","Vitamin A",8.21346076823781,8.18641869975937,-0.0270420684784435
"GAB","Gabon","Vitamin B-12",0,0,0
"GAB","Gabon","Zinc",2.99046004183615,2.66738209557802,-0.32307794625813
"GBR","United Kingdom","Calcium",54.1334526338465,53.9343859697121,-0.199066664134381
"GBR","United Kingdom","DHA+EPA fatty acids",17.9610567662885,14.6238319167294,-3.33722484955908
"GBR","United Kingdom","Iron",0.285930581795905,0.285153228756351,-0.0007773530395531
"GBR","United Kingdom","Vitamin A",3.24553410179424,3.31091801366209,0.0653839118678446
"GBR","United Kingdom","Vitamin B-12",0.0887001200620752,0.0773535939936461,-0.0113465260684293
"GBR","United Kingdom","Zinc",0.00119330396876228,0.00119397930500643,6.75336244150366e-07
"GEO","Georgia","Calcium",60.1054661933017,59.7505318267093,-0.354934366592312
"GEO","Georgia","DHA+EPA fatty acids",0,0,0
"GEO","Georgia","Iron",1.18387953519011,1.17477376780707,-0.00910576738303887
"GEO","Georgia","Vitamin A",29.8508080284306,30.3430593407457,0.492251312315091
"GEO","Georgia","Vitamin B-12",0.000147568615790612,9.77215364203178e-05,-4.98470793702941e-05
"GEO","Georgia","Zinc",3.21119391750784,3.21410321775627,0.00290930024843042
"GHA","Ghana","Calcium",96.276050975157,95.7981273165263,-0.477923658630745
"GHA","Ghana","DHA+EPA fatty acids",0.977347294267029,0.218594282410741,-0.758753011856288
"GHA","Ghana","Iron",0.185989021732802,0.163411926177741,-0.0225770955550613
"GHA","Ghana","Vitamin A",26.5626939029451,26.5307322012889,-0.0319617016561573
"GHA","Ghana","Vitamin B-12",0.650484453279279,0.331604870414071,-0.318879582865207
"GHA","Ghana","Zinc",0.174876092785365,0.15323296472847,-0.0216431280568945
"GIN","Guinea","Calcium",99.4589538445688,99.4359096528209,-0.0230441917479052
"GIN","Guinea","DHA+EPA fatty acids",12.8878356405269,10.6241249794264,-2.26371066110055
"GIN","Guinea","Iron",57.1338902128258,56.6442920505207,-0.48959816230509
"GIN","Guinea","Vitamin A",47.5571858080081,47.4799826284387,-0.0772031795694119
"GIN","Guinea","Vitamin B-12",0.0104453477809044,0.00678561911279776,-0.00365972866810661
"GIN","Guinea","Zinc",32.8473867107829,32.2253729510019,-0.622013759780989
"GMB","Gambia","Calcium",98.8903302119298,98.8445109862753,-0.0458192256544048
"GMB","Gambia","DHA+EPA fatty acids",16.9200214156897,14.7580317600262,-2.16198965566353
"GMB","Gambia","Iron",1.13059488937202e-07,9.91220421201552e-08,-1.39374468170465e-08
"GMB","Gambia","Vitamin A",90.801580125344,90.7875498241278,-0.0140303012161944
"GMB","Gambia","Vitamin B-12",29.1763713405363,26.6158831202769,-2.56048822025945
"GMB","Gambia","Zinc",2.88647201684359e-05,2.23752590454758e-05,-6.48946112296015e-06
"GNB","Guinea-Bissau","Calcium",99.9296146060416,99.9294497889332,-0.000164817108365156
"GNB","Guinea-Bissau","DHA+EPA fatty acids",84.5868318569709,84.5206928318339,-0.0661390251369634
"GNB","Guinea-Bissau","Iron",17.5212642264159,17.4947590465009,-0.0265051799149553
"GNB","Guinea-Bissau","Vitamin A",88.1154246508201,88.104125126735,-0.0112995240850939
"GNB","Guinea-Bissau","Vitamin B-12",60.071500071659,59.9505016147518,-0.120998456907214
"GNB","Guinea-Bissau","Zinc",42.4412028347719,42.2979345786895,-0.143268256082469
"GNQ","Equatorial Guinea","Calcium",99.0851041171113,99.069482332473,-0.0156217846382983
"GNQ","Equatorial Guinea","DHA+EPA fatty acids",59.4210215640473,55.966350938549,-3.45467062549832
"GNQ","Equatorial Guinea","Iron",94.500643944202,94.3843146476253,-0.11632929657667
"GNQ","Equatorial Guinea","Vitamin A",90.7556748520461,90.7541405666938,-0.00153428535236664
"GNQ","Equatorial Guinea","Vitamin B-12",80.4456970459709,79.4364873810358,-1.00920966493514
"GNQ","Equatorial Guinea","Zinc",94.4330859714597,94.3649390877739,-0.0681468836857725
"GRC","Greece","Calcium",52.4988260045798,52.139627304039,-0.359198700540785
"GRC","Greece","DHA+EPA fatty acids",4.05978106133055,3.00468688581925,-1.05509417551129
"GRC","Greece","Iron",2.34278571264272,2.29176662088934,-0.0510190917533791
"GRC","Greece","Vitamin A",30.7502830363479,30.7655719044332,0.0152888680853443
"GRC","Greece","Vitamin B-12",0.0937644854584949,0.073823058825901,-0.019941426632594
"GRC","Greece","Zinc",0.00773046823531062,0.00726137208789375,-0.000469096147416878
"GRD","Grenada","Calcium",79.6490133533232,79.071856411838,-0.577156941485216
"GRD","Grenada","DHA+EPA fatty acids",4.57364579317591,2.84911695284401,-1.72452884033189
"GRD","Grenada","Iron",9.88974190899913,9.41553649229181,-0.474205416707309
"GRD","Grenada","Vitamin A",54.2480696525998,54.5095883788099,0.261518726210093
"GRD","Grenada","Vitamin B-12",11.0881019548337,9.28923100424412,-1.79887095058954
"GRD","Grenada","Zinc",18.7921707528907,17.9667056737034,-0.825465079187252
"GTM","Guatemala","Calcium",87.8874441067774,87.8689165330983,-0.0185275736791159
"GTM","Guatemala","DHA+EPA fatty acids",87.0308866367113,86.5314653383969,-0.499421298314395
"GTM","Guatemala","Iron",6.17768825711204,6.16723401098214,-0.010454246129909
"GTM","Guatemala","Vitamin A",64.9304133707906,65.0731422692478,0.142728898457199
"GTM","Guatemala","Vitamin B-12",17.796598576311,17.6047098631649,-0.191888713146128
"GTM","Guatemala","Zinc",4.97601898577473,4.9926266195861,0.016607633811376
"GUY","Guyana","Calcium",2.63275059484826e-05,1.2495950432277e-05,-1.38315555162056e-05
"GUY","Guyana","DHA+EPA fatty acids",0,0,0
"GUY","Guyana","Iron",0.00188739314404681,0.00141289941437283,-0.000474493729673974
"GUY","Guyana","Vitamin A",0,0,0
"GUY","Guyana","Vitamin B-12",0,0,0
"GUY","Guyana","Zinc",0,0,0
"HKG","Hong Kong SAR China","Calcium",19.3471474400891,17.0725156127028,-2.27463182738637
"HKG","Hong Kong SAR China","DHA+EPA fatty acids",0.811086583841893,0.44380496708576,-0.36728161675613
"HKG","Hong Kong SAR China","Iron",0.403602316705578,0.36052183624843,-0.0430804804571476
"HKG","Hong Kong SAR China","Vitamin A",0,0,0
"HKG","Hong Kong SAR China","Vitamin B-12",0,0,0
"HKG","Hong Kong SAR China","Zinc",0.000258556273805015,0.000159035607651229,-9.95206661537868e-05
"HND","Honduras","Calcium",87.6460309066594,87.6187245239026,-0.0273063827568151
"HND","Honduras","DHA+EPA fatty acids",85.6498140313877,84.8746747746204,-0.775139256767244
"HND","Honduras","Iron",16.8060917442694,16.7502836454633,-0.0558080988060841
"HND","Honduras","Vitamin A",63.8707618915703,64.0177645099762,0.147002618405934
"HND","Honduras","Vitamin B-12",25.6614527299786,25.4100332435498,-0.25141948642878
"HND","Honduras","Zinc",13.233521990353,13.2171468725232,-0.0163751178298286
"HRV","Croatia","Calcium",52.8554669593074,52.4981108638409,-0.357356095466421
"HRV","Croatia","DHA+EPA fatty acids",4.05978106133055,3.00468688581925,-1.05509417551129
"HRV","Croatia","Iron",2.39797698220014,2.34463353683786,-0.0533434453622756
"HRV","Croatia","Vitamin A",31.0966753508496,31.1120202252255,0.0153448743758855
"HRV","Croatia","Vitamin B-12",0.0937644854584949,0.073823058825901,-0.019941426632594
"HRV","Croatia","Zinc",0.0100477075142954,0.0094841481590531,-0.000563559355242273
"HTI","Haiti","Calcium",91.2739270725154,91.2010379622939,-0.0728891102214501
"HTI","Haiti","DHA+EPA fatty acids",73.3252881718066,69.9042488115207,-3.42103936028589
"HTI","Haiti","Iron",18.1837123955433,17.975886971057,-0.20782542448631
"HTI","Haiti","Vitamin A",22.3284459038452,22.3978417982091,0.0693958943639181
"HTI","Haiti","Vitamin B-12",60.1211152340118,59.8447835827243,-0.276331651287523
"HTI","Haiti","Zinc",32.4632704923934,32.2727236268351,-0.190546865558359
"HUN","Hungary","Calcium",52.7726012825845,52.4149917989374,-0.357609483647162
"HUN","Hungary","DHA+EPA fatty acids",4.05978106133055,3.00468688581925,-1.05509417551129
"HUN","Hungary","Iron",2.47739712064899,2.42275378854076,-0.05464333210823
"HUN","Hungary","Vitamin A",30.781644601734,30.797002506542,0.015357904807996
"HUN","Hungary","Vitamin B-12",0.0937644854584949,0.073823058825901,-0.019941426632594
"HUN","Hungary","Zinc",0.00992206901393177,0.00936226868639857,-0.0005598003275332
"IDN","Indonesia","Calcium",94.4533762729689,93.8175608478349,-0.635815425133987
"IDN","Indonesia","DHA+EPA fatty acids",0,0,0
"IDN","Indonesia","Iron",7.67003158374394,7.33138447097083,-0.338647112773105
"IDN","Indonesia","Vitamin A",46.9668327240694,48.0282313152501,1.06139859118065
"IDN","Indonesia","Vitamin B-12",0.00379808620126696,0.000840501188512817,-0.00295758501275415
"IDN","Indonesia","Zinc",5.72236148636192,5.41437986334042,-0.307981623021508
"IND","India","Calcium",88.7562715424353,88.479111604153,-0.277159938282357
"IND","India","DHA+EPA fatty acids",44.2135248505248,40.7725832571664,-3.44094159335834
"IND","India","Iron",14.5414435425066,14.5340455857582,-0.00739795674839747
"IND","India","Vitamin A",67.2997092155944,67.4585713866802,0.158862171085737
"IND","India","Vitamin B-12",41.7134274118701,40.3214321120435,-1.39199529982658
"IND","India","Zinc",17.9323648340817,17.885013877089,-0.0473509569927099
"IRL","Ireland","Calcium",52.2497140386395,51.897552989541,-0.352161049098589
"IRL","Ireland","DHA+EPA fatty acids",4.05978106133055,3.00468688581925,-1.05509417551129
"IRL","Ireland","Iron",2.51564266219776,2.46271865822763,-0.05292400397013
"IRL","Ireland","Vitamin A",30.2103280609579,30.2256366630058,0.0153086020478836
"IRL","Ireland","Vitamin B-12",0.0937644854584949,0.073823058825901,-0.019941426632594
"IRL","Ireland","Zinc",0.0102954487545475,0.00969482064122573,-0.000600628113321779
"IRN","Iran","Calcium",92.2846270011523,91.9360010261438,-0.348625975008536
"IRN","Iran","DHA+EPA fatty acids",15.6267175772949,10.8594371528714,-4.76728042442343
"IRN","Iran","Iron",3.69700473432514,3.67930930214076,-0.0176954321843869
"IRN","Iran","Vitamin A",34.9433098725933,35.5456522115631,0.602342338969818
"IRN","Iran","Vitamin B-12",0.18701417860521,0.162370685471905,-0.0246434931333049
"IRN","Iran","Zinc",16.8949460982739,16.862616519647,-0.032329578626887
"IRQ","Iraq","Calcium",94.0753806040473,94.072592761213,-0.00278784283436941
"IRQ","Iraq","DHA+EPA fatty acids",78.2793854704865,77.1176288593153,-1.16175661117118
"IRQ","Iraq","Iron",4.55964972856865,4.55485048901701,-0.00479923955163973
"IRQ","Iraq","Vitamin A",83.2477196303556,83.2663804125249,0.0186607821693777
"IRQ","Iraq","Vitamin B-12",58.722697225973,58.5572106775683,-0.165486548404676
"IRQ","Iraq","Zinc",48.5997970099652,48.6013072261978,0.00151021623262402
"ISL","Iceland","Calcium",0.241943703161791,0.124417200110913,-0.117526503050878
"ISL","Iceland","DHA+EPA fatty acids",0,0,0
"ISL","Iceland","Iron",1.553965182636e-05,2.58982540536437e-06,-1.29498264209956e-05
"ISL","Iceland","Vitamin A",0.727047249070917,0.732783676810405,0.00573642773948886
"ISL","Iceland","Vitamin B-12",0,0,0
"ISL","Iceland","Zinc",0,0,0
"ISR","Israel","Calcium",34.6584520760407,34.8339215237911,0.1754694477504
"ISR","Israel","DHA+EPA fatty acids",0,0,0
"ISR","Israel","Iron",0.0592464823092682,0.0591685165743663,-7.79657349019193e-05
"ISR","Israel","Vitamin A",0.559744485920561,0.560501448048568,0.000756962128007614
"ISR","Israel","Vitamin B-12",0,0,0
"ISR","Israel","Zinc",2.04930304588677e-17,2.00162942717161e-17,-4.767361871517e-19
"ITA","Italy","Calcium",52.6719410578312,52.3187200722811,-0.353220985550125
"ITA","Italy","DHA+EPA fatty acids",4.05978106133055,3.00468688581925,-1.05509417551129
"ITA","Italy","Iron",2.55158944746706,2.49625147379532,-0.0553379736717363
"ITA","Italy","Vitamin A",30.9263245629767,30.9415881844173,0.0152636214406313
"ITA","Italy","Vitamin B-12",0.0937644854584949,0.073823058825901,-0.019941426632594
"ITA","Italy","Zinc",0.00850816628252665,0.00800915044468706,-0.000499015837839579
"JAM","Jamaica","Calcium",70.2456407317388,69.3749798996709,-0.870660832067885
"JAM","Jamaica","DHA+EPA fatty acids",2.91527647469404,1.93309657264701,-0.982179902047024
"JAM","Jamaica","Iron",0.968002514209112,0.910265698323753,-0.0577368158853608
"JAM","Jamaica","Vitamin A",2.31916907886705e-11,4.01252685719768e-11,1.69335777833064e-11
"JAM","Jamaica","Vitamin B-12",0.514199654272542,0.39870630770544,-0.115493346567101
"JAM","Jamaica","Zinc",9.24543836809949,8.72496396917304,-0.520474398926444
"JOR","Jordan","Calcium",89.0502460584141,89.0328606146606,-0.0173854437534526
"JOR","Jordan","DHA+EPA fatty acids",81.7022046495973,80.7204093247845,-0.981795324812763
"JOR","Jordan","Iron",5.3134900985883,5.28592358365106,-0.0275665149372436
"JOR","Jordan","Vitamin A",55.3070417867722,55.3805512957312,0.0735095089590157
"JOR","Jordan","Vitamin B-12",18.2988353494145,17.9369008454103,-0.361934504004165
"JOR","Jordan","Zinc",28.0283914619428,27.9353811645355,-0.0930102974072601
"JPN","Japan","Calcium",77.9150352550304,76.9705444127365,-0.944490842293945
"JPN","Japan","DHA+EPA fatty acids",0.95373766320154,0.789563443924667,-0.164174219276873
"JPN","Japan","Iron",7.59043378655266,7.50811458921564,-0.0823191973370197
"JPN","Japan","Vitamin A",40.3705615235323,41.2455092043125,0.874947680780235
"JPN","Japan","Vitamin B-12",6.03982189324246e-08,1.263534971414e-08,-4.77628692182845e-08
"JPN","Japan","Zinc",1.28170032061568,1.26221541658417,-0.0194849040315068
"KAZ","Kazakhstan","Calcium",28.936335019122,28.9398399783395,0.00350495921753869
"KAZ","Kazakhstan","DHA+EPA fatty acids",70.1285332863391,69.3418512340901,-0.786682052249077
"KAZ","Kazakhstan","Iron",8.07500898694362,8.06642278985498,-0.0085861970886335
"KAZ","Kazakhstan","Vitamin A",1.64681111617644e-19,1.64681111617644e-19,1.92592994438723e-35
"KAZ","Kazakhstan","Vitamin B-12",0,0,0
"KAZ","Kazakhstan","Zinc",2.19577890370348,2.186443550767,-0.00933535293647802
"KEN","Kenya","Calcium",93.4731746755167,93.4446944061665,-0.0284802693501909
"KEN","Kenya","DHA+EPA fatty acids",84.7546471777092,84.3054498391289,-0.449197338580362
"KEN","Kenya","Iron",11.0071620354969,10.9790619661791,-0.02810006931778
"KEN","Kenya","Vitamin A",36.1328624961069,36.1385234024817,0.00566090637476043
"KEN","Kenya","Vitamin B-12",8.34315505445781,8.17361983049068,-0.169535223967128
"KEN","Kenya","Zinc",4.17426967876244,4.13457354959697,-0.0396961291654668
"KGZ","Kyrgyzstan","Calcium",34.7705829999872,35.3695997160818,0.599016716094557
"KGZ","Kyrgyzstan","DHA+EPA fatty acids",92.1616236714979,91.7033523392577,-0.458271332240198
"KGZ","Kyrgyzstan","Iron",8.0773684250303,8.13427445597052,0.0569060309402223
"KGZ","Kyrgyzstan","Vitamin A",0.000146984338364703,0.000202963844342834,5.59795059781316e-05
"KGZ","Kyrgyzstan","Vitamin B-12",0.0001468194571096,0.000174377087801558,2.75576306919584e-05
"KGZ","Kyrgyzstan","Zinc",7.88765253991774,8.09145674159072,0.203804201672977
"KHM","Cambodia","Calcium",89.1301598995909,87.4046868177971,-1.72547308179378
"KHM","Cambodia","DHA+EPA fatty acids",0,0,0
"KHM","Cambodia","Iron",10.182467058265,9.71271709423313,-0.469749964031875
"KHM","Cambodia","Vitamin A",88.6304843454727,88.586472938299,-0.0440114071736609
"KHM","Cambodia","Vitamin B-12",0.0948946392170427,0.0364298837005373,-0.0584647555165053
"KHM","Cambodia","Zinc",3.45394223618477,3.10881073647985,-0.345131499704917
"KIR","Kiribati","Calcium",86.860805857873,86.1691469163006,-0.69165894157238
"KIR","Kiribati","DHA+EPA fatty acids",0,0,0
"KIR","Kiribati","Iron",37.272575458787,35.1628828228333,-2.10969263595363
"KIR","Kiribati","Vitamin A",82.3057745029085,82.4249825608855,0.119208057977012
"KIR","Kiribati","Vitamin B-12",0,0,0
"KIR","Kiribati","Zinc",64.2642492035793,64.0685202940685,-0.195728909510808
"KNA","St. Kitts & Nevis","Calcium",77.4562731434247,76.2801123501013,-1.17616079332339
"KNA","St. Kitts & Nevis","DHA+EPA fatty acids",0,0,0
"KNA","St. Kitts & Nevis","Iron",3.88433243480699,3.49474900475992,-0.389583430047074
"KNA","St. Kitts & Nevis","Vitamin A",0.403271940418121,0.430018359855753,0.0267464194376318
"KNA","St. Kitts & Nevis","Vitamin B-12",0,0,0
"KNA","St. Kitts & Nevis","Zinc",1.29642823439871,1.00180238934115,-0.294625845057558
"KOR","South Korea","Calcium",67.2598013581028,65.7469812079551,-1.51282015014765
"KOR","South Korea","DHA+EPA fatty acids",0.763963265100827,0.33947920488918,-0.424484060211647
"KOR","South Korea","Iron",4.37816751794266,4.1649762879704,-0.213191229972265
"KOR","South Korea","Vitamin A",4.1165121053224,4.53655487116129,0.420042765838885
"KOR","South Korea","Vitamin B-12",6.00307458648564e-13,1.6268834595483e-13,-4.37619112693734e-13
"KOR","South Korea","Zinc",0.152103522818395,0.153324430819503,0.0012209080011079
"KWT","Kuwait","Calcium",57.4180136797958,57.0808930364264,-0.337120643369469
"KWT","Kuwait","DHA+EPA fatty acids",36.5526311501268,34.3653459482292,-2.18728520189766
"KWT","Kuwait","Iron",0.236241269935894,0.232602022038031,-0.003639247897863
"KWT","Kuwait","Vitamin A",10.4590674052817,10.5462327688117,0.087165363529942
"KWT","Kuwait","Vitamin B-12",0.842626767365238,0.747687465359736,-0.0949393020055013
"KWT","Kuwait","Zinc",0.00416348513037217,0.00405006376826266,-0.000113421362109522
"LAO","Laos","Calcium",88.5692070243995,87.603872590986,-0.96533443341351
"LAO","Laos","DHA+EPA fatty acids",3.5997661936462,2.12140648070825,-1.47835971293796
"LAO","Laos","Iron",4.70707281054381,4.53592893099513,-0.171143879548677
"LAO","Laos","Vitamin A",10.0541254282786,9.81289004557194,-0.241235382706667
"LAO","Laos","Vitamin B-12",0.00646522033698847,0.00332101433022482,-0.00314420600676366
"LAO","Laos","Zinc",0.0626294372545416,0.0556159255345805,-0.00701351171996104
"LBN","Lebanon","Calcium",81.8192011638906,81.7199265302049,-0.099274633685695
"LBN","Lebanon","DHA+EPA fatty acids",44.6560119271961,42.3389431378868,-2.31706878930925
"LBN","Lebanon","Iron",1.15990166662256,1.14624239713797,-0.0136592694845888
"LBN","Lebanon","Vitamin A",55.7755346201682,55.8160855018777,0.0405508817094617
"LBN","Lebanon","Vitamin B-12",8.16593812858071,7.64468177338741,-0.52125635519329
"LBN","Lebanon","Zinc",10.2421614571118,10.0579337860878,-0.184227671023985
"LBR","Liberia","Calcium",99.9572774542949,99.9569206595317,-0.000356794763190038
"LBR","Liberia","DHA+EPA fatty acids",71.2709726343029,70.3531822648037,-0.91779036949924
"LBR","Liberia","Iron",25.5675941680686,25.4260346080829,-0.141559559985665
"LBR","Liberia","Vitamin A",80.0094191787258,79.9616354852453,-0.0477836934804822
"LBR","Liberia","Vitamin B-12",45.5539299120813,45.0588384399286,-0.495091472152745
"LBR","Liberia","Zinc",17.181258641708,17.0273011574594,-0.153957484248614
"LBY","Libya","Calcium",96.7458081012046,96.6667826388701,-0.0790254623345124
"LBY","Libya","DHA+EPA fatty acids",18.0619863449947,7.19648385878417,-10.8655024862106
"LBY","Libya","Iron",95.2118850495965,94.9704053225507,-0.241479727045816
"LBY","Libya","Vitamin A",92.7430262881248,92.7361723924886,-0.00685389563614613
"LBY","Libya","Vitamin B-12",67.1301706980215,62.3104065709904,-4.81976412703115
"LBY","Libya","Zinc",93.8535605988965,93.5543388325667,-0.299221766329723
"LCA","St. Lucia","Calcium",83.0563245442857,82.5726639331008,-0.483660611184882
"LCA","St. Lucia","DHA+EPA fatty acids",5.50007662815107,3.41622800400968,-2.08384862414139
"LCA","St. Lucia","Iron",6.27456917551652,6.0063961648562,-0.268173010660316
"LCA","St. Lucia","Vitamin A",12.9746288321654,13.3346753059217,0.360046473756283
"LCA","St. Lucia","Vitamin B-12",0.000171121833931693,8.32033905692368e-05,-8.79184433624561e-05
"LCA","St. Lucia","Zinc",12.8070654026853,12.0377406694223,-0.769324733263031
"LKA","Sri Lanka","Calcium",90.5315492552159,90.0950169237333,-0.436532331482585
"LKA","Sri Lanka","DHA+EPA fatty acids",3.75040991893163,2.9993124246226,-0.751097494309028
"LKA","Sri Lanka","Iron",9.88739219185448,9.61915189339474,-0.268240298459741
"LKA","Sri Lanka","Vitamin A",57.8489349895022,57.9045291380472,0.055594148544981
"LKA","Sri Lanka","Vitamin B-12",1.08385623048221,0.715290761000114,-0.368565469482097
"LKA","Sri Lanka","Zinc",5.77305376233229,5.53190417040052,-0.241149591931771
"LSO","Lesotho","Calcium",98.4148799394868,98.4121271234923,-0.00275281599445698
"LSO","Lesotho","DHA+EPA fatty acids",84.8511994924459,84.586104431257,-0.265095061188966
"LSO","Lesotho","Iron",7.08401292082043,7.05678562659798,-0.0272272942224515
"LSO","Lesotho","Vitamin A",63.5379097084545,63.4518208662075,-0.0860888422470788
"LSO","Lesotho","Vitamin B-12",22.7867046678077,22.5684614468536,-0.218243220954054
"LSO","Lesotho","Zinc",1.55260944547287,1.5315196772409,-0.0210897682319751
"LTU","Lithuania","Calcium",52.7521185764685,52.3972257595153,-0.354892816953233
"LTU","Lithuania","DHA+EPA fatty acids",4.05978106133055,3.00468688581925,-1.05509417551129
"LTU","Lithuania","Iron",2.62529094150584,2.56770997145961,-0.0575809700462256
"LTU","Lithuania","Vitamin A",30.6389511252529,30.6543471270391,0.0153960017862293
"LTU","Lithuania","Vitamin B-12",0.0937644854584949,0.073823058825901,-0.019941426632594
"LTU","Lithuania","Zinc",0.00934324661198239,0.00879772885577384,-0.000545517756208555
"LUX","Luxembourg","Calcium",52.6895826615886,52.3332744761685,-0.356308185420113
"LUX","Luxembourg","DHA+EPA fatty acids",4.05978106133055,3.00468688581925,-1.05509417551129
"LUX","Luxembourg","Iron",2.62593709789246,2.56894107423471,-0.056996023657748
"LUX","Luxembourg","Vitamin A",31.031658957974,31.0470007929288,0.0153418349548208
"LUX","Luxembourg","Vitamin B-12",0.0937644854584949,0.073823058825901,-0.019941426632594
"LUX","Luxembourg","Zinc",0.00939149869512058,0.00885443850202939,-0.000537060193091198
"LVA","Latvia","Calcium",53.0079099350817,52.6513645559737,-0.356545379107956
"LVA","Latvia","DHA+EPA fatty acids",4.05978106133055,3.00468688581925,-1.05509417551129
"LVA","Latvia","Iron",2.47084065790635,2.41597112713153,-0.0548695307748214
"LVA","Latvia","Vitamin A",31.3492679686364,31.3645872531245,0.0153192844881136
"LVA","Latvia","Vitamin B-12",0.0937644854584949,0.073823058825901,-0.019941426632594
"LVA","Latvia","Zinc",0.00790721302608675,0.0074333028264942,-0.000473910199592557
"MAC","Macao SAR China","Calcium",48.7751966819689,45.2238793924913,-3.55131728947766
"MAC","Macao SAR China","DHA+EPA fatty acids",0.632776564573563,0.271565274152581,-0.36121129042098
"MAC","Macao SAR China","Iron",1.70477712414994,1.5321907257627,-0.172586398387247
"MAC","Macao SAR China","Vitamin A",0.0322977749275007,0.0351054853962002,0.00280771046869953
"MAC","Macao SAR China","Vitamin B-12",0,0,0
"MAC","Macao SAR China","Zinc",0.178013454199884,0.166027986569629,-0.0119854676302553
"MAR","Morocco","Calcium",75.2545374168791,72.6851650566889,-2.56937236019017
"MAR","Morocco","DHA+EPA fatty acids",0,0,0
"MAR","Morocco","Iron",0.0275761685382464,0.023296813547769,-0.00427935499047733
"MAR","Morocco","Vitamin A",16.2970034272255,16.8234000554967,0.526396628271224
"MAR","Morocco","Vitamin B-12",2.379440807904e-06,6.54148757126397e-09,-2.37289932033274e-06
"MAR","Morocco","Zinc",0.122225153217343,0.0884913280685245,-0.0337338251488186
"MDA","Moldova","Calcium",81.2003926440036,80.916190830276,-0.284201813727571
"MDA","Moldova","DHA+EPA fatty acids",14.9782044014512,8.32899780437609,-6.64920659707506
"MDA","Moldova","Iron",13.4907794189763,13.1636177663603,-0.32716165261596
"MDA","Moldova","Vitamin A",37.7686361347099,37.92616219325,0.157526058540075
"MDA","Moldova","Vitamin B-12",8.82947198615347,6.91427481595113,-1.91519717020234
"MDA","Moldova","Zinc",5.10136243933417,4.96145782854521,-0.139904610788968
"MDG","Madagascar","Calcium",98.1228800623007,98.118493374404,-0.00438668789669805
"MDG","Madagascar","DHA+EPA fatty acids",85.2634653485638,85.0181605394736,-0.245304809090156
"MDG","Madagascar","Iron",36.4229037057198,36.298351384561,-0.124552321158818
"MDG","Madagascar","Vitamin A",54.2753657383597,54.2055759670021,-0.0697897713575734
"MDG","Madagascar","Vitamin B-12",40.1769311386851,39.9336460509461,-0.243285087738969
"MDG","Madagascar","Zinc",8.09996497215115,8.020652600347,-0.0793123718041537
"MDV","Maldives","Calcium",47.2792037033828,42.1584499159577,-5.12075378742508
"MDV","Maldives","DHA+EPA fatty acids",0,0,0
"MDV","Maldives","Iron",0.672423423158171,0.48844791900119,-0.18397550415698
"MDV","Maldives","Vitamin A",49.5911019607476,49.6152612770447,0.0241593162970664
"MDV","Maldives","Vitamin B-12",0,0,0
"MDV","Maldives","Zinc",2.52790542499775,1.93372758401313,-0.594177840984618
"MEX","Mexico","Calcium",72.7562519773875,72.4100095721404,-0.34624240524708
"MEX","Mexico","DHA+EPA fatty acids",32.6436209725452,29.2875905251882,-3.35603044735702
"MEX","Mexico","Iron",5.56105055230515,5.49410451745583,-0.0669460348493213
"MEX","Mexico","Vitamin A",5.8352941230936,6.08643002245275,0.251135899359145
"MEX","Mexico","Vitamin B-12",1.31362025515863e-09,6.91660064442817e-10,-6.21960190715811e-10
"MEX","Mexico","Zinc",0.113963382127464,0.111489080849493,-0.00247430127797106
"MHL","Marshall Islands","Calcium",98.1073435036375,97.9426568810397,-0.164686622597841
"MHL","Marshall Islands","DHA+EPA fatty acids",0,0,0
"MHL","Marshall Islands","Iron",91.2146284874879,90.3673926305499,-0.84723585693806
"MHL","Marshall Islands","Vitamin A",96.5636308397065,96.558451441282,-0.00517939842451724
"MHL","Marshall Islands","Vitamin B-12",0.499536368363676,0.142237338215107,-0.35729903014857
"MHL","Marshall Islands","Zinc",82.741106899163,82.0121568531194,-0.728950046043598
"MKD","North Macedonia","Calcium",47.8554209343726,47.8052340677225,-0.0501868666500307
"MKD","North Macedonia","DHA+EPA fatty acids",78.9799057560149,77.1950621719784,-1.78484358403651
"MKD","North Macedonia","Iron",0.15143870641966,0.148874911720499,-0.00256379469916142
"MKD","North Macedonia","Vitamin A",0.45291453653958,0.461528195104341,0.00861365856476061
"MKD","North Macedonia","Vitamin B-12",4.9844007002923,4.77149184090559,-0.212908859386708
"MKD","North Macedonia","Zinc",0.0175141415016695,0.0171068515936186,-0.000407289908050943
"MLI","Mali","Calcium",82.3703326195506,82.1900931374094,-0.180239482141255
"MLI","Mali","DHA+EPA fatty acids",68.3478296330673,67.1523008965762,-1.19552873649113
"MLI","Mali","Iron",14.0099144017158,13.9617116270636,-0.0482027746521664
"MLI","Mali","Vitamin A",18.610807045814,18.5406845992364,-0.0701224465776526
"MLI","Mali","Vitamin B-12",0.00186545531403869,0.0015894812139817,-0.000275974100056986
"MLI","Mali","Zinc",5.26516354954204,5.17813557530111,-0.0870279742409342
"MLT","Malta","Calcium",53.4081450761572,53.0573064595953,-0.350838616561881
"MLT","Malta","DHA+EPA fatty acids",4.05978106133055,3.00468688581925,-1.05509417551129
"MLT","Malta","Iron",2.49545577599691,2.44194777982605,-0.0535079961708547
"MLT","Malta","Vitamin A",31.7274344494681,31.7426066488691,0.0151721994010089
"MLT","Malta","Vitamin B-12",0.0937644854584949,0.073823058825901,-0.019941426632594
"MLT","Malta","Zinc",0.0108954825240846,0.0102952701998519,-0.000600212324232772
"MMR","Myanmar (Burma)","Calcium",79.59000713223,77.1180918001416,-2.47191533208841
"MMR","Myanmar (Burma)","DHA+EPA fatty acids",0,0,0
"MMR","Myanmar (Burma)","Iron",6.72133690329844,6.40608133828369,-0.315255565014745
"MMR","Myanmar (Burma)","Vitamin A",11.9397934839183,11.5286307266926,-0.411162757225676
"MMR","Myanmar (Burma)","Vitamin B-12",1.70757819134741e-09,2.19729592290007e-10,-1.4878485990574e-09
"MMR","Myanmar (Burma)","Zinc",0.470483531507283,0.41176312684847,-0.0587204046588135
"MNE","Montenegro","Calcium",1.41548705774259,1.32088220853755,-0.0946048492050379
"MNE","Montenegro","DHA+EPA fatty acids",7.47642641080434,3.63558023233479,-3.84084617846955
"MNE","Montenegro","Iron",0.0423647457610798,0.0388131989427991,-0.0035515468182808
"MNE","Montenegro","Vitamin A",0.390649633031646,0.39979791918141,0.00914828614976512
"MNE","Montenegro","Vitamin B-12",8.92699914860844e-16,1.06136321876282e-16,-7.86563592984562e-16
"MNE","Montenegro","Zinc",0,0,0
"MNG","Mongolia","Calcium",56.1672454376518,56.3289093394117,0.16166390175987
"MNG","Mongolia","DHA+EPA fatty acids",96.0673940617685,95.9661440924739,-0.101249969294578
"MNG","Mongolia","Iron",12.2433244217881,12.2817516218196,0.0384272000314792
"MNG","Mongolia","Vitamin A",9.46185957115415e-16,1.10368890354425e-15,1.57502946428839e-16
"MNG","Mongolia","Vitamin B-12",0,0,0
"MNG","Mongolia","Zinc",0.828272040065009,0.84976674264733,0.021494702582321
"MOZ","Mozambique","Calcium",97.4675933467075,97.4419388140667,-0.0256545326408496
"MOZ","Mozambique","DHA+EPA fatty acids",40.1374027036907,37.7575045426881,-2.37989816100263
"MOZ","Mozambique","Iron",77.6121308449592,77.4025971498931,-0.20953369506613
"MOZ","Mozambique","Vitamin A",62.0793828603834,62.026464951772,-0.0529179086114448
"MOZ","Mozambique","Vitamin B-12",66.0619904076972,65.4037412711867,-0.658249136510476
"MOZ","Mozambique","Zinc",76.5782789153838,76.3219610847248,-0.256317830659012
"MRT","Mauritania","Calcium",89.4799721576523,88.9052135167327,-0.574758640919644
"MRT","Mauritania","DHA+EPA fatty acids",59.2146008350084,51.8125267585623,-7.40207407644602
"MRT","Mauritania","Iron",0.000135662560177395,0.00010342710592456,-3.22354542528352e-05
"MRT","Mauritania","Vitamin A",51.5273229106404,51.521702412367,-0.00562049827344628
"MRT","Mauritania","Vitamin B-12",9.56609955911325e-06,1.94319946663685e-06,-7.62290009247638e-06
"MRT","Mauritania","Zinc",0.00866447691482128,0.00722561994197896,-0.00143885697284232
"MUS","Mauritius","Calcium",78.8263500811393,78.1732575886984,-0.653092492440877
"MUS","Mauritius","DHA+EPA fatty acids",33.2320521601179,29.018272839242,-4.21377932087585
"MUS","Mauritius","Iron",0.00775708066888576,0.00583362376012216,-0.00192345690876361
"MUS","Mauritius","Vitamin A",31.5960176447554,31.53331082504,-0.0627068197153397
"MUS","Mauritius","Vitamin B-12",0.195261127306712,0.118162664999979,-0.0770984623067329
"MUS","Mauritius","Zinc",0.0820256749793288,0.0679726605629151,-0.0140530144164137
"MWI","Malawi","Calcium",95.7005574064698,95.617827521965,-0.0827298845048016
"MWI","Malawi","DHA+EPA fatty acids",53.0738006164048,50.8811583518535,-2.19264226455123
"MWI","Malawi","Iron",4.51796732580713,4.46279295018635,-0.0551743756207799
"MWI","Malawi","Vitamin A",8.87498862576077e-12,7.05278134339365e-12,-1.82220728236713e-12
"MWI","Malawi","Vitamin B-12",49.729782927381,48.9189838913999,-0.810799035981148
"MWI","Malawi","Zinc",0.243785909610441,0.232037221082562,-0.0117486885278787
"MYS","Malaysia","Calcium",84.5798046071438,82.8796539806032,-1.70015062654064
"MYS","Malaysia","DHA+EPA fatty acids",0,0,0
"MYS","Malaysia","Iron",3.16995085353726,2.99687366952751,-0.173077184009744
"MYS","Malaysia","Vitamin A",36.1900836164243,36.9911180853273,0.801034468903083
"MYS","Malaysia","Vitamin B-12",4.68659191217773e-10,1.57330249301458e-11,-4.52926166287627e-10
"MYS","Malaysia","Zinc",4.34849934546144,4.04264263340865,-0.3058567120528
"NAM","Namibia","Calcium",96.674823025355,96.6456451219981,-0.0291779033569526
"NAM","Namibia","DHA+EPA fatty acids",66.9345209068149,63.9362678034643,-2.99825310335056
"NAM","Namibia","Iron",2.80210141985514,2.75619979802893,-0.0459016218262084
"NAM","Namibia","Vitamin A",67.3214364356013,67.2805798641987,-0.0408565714025908
"NAM","Namibia","Vitamin B-12",10.4099726626345,9.89299784837853,-0.516974814255994
"NAM","Namibia","Zinc",9.11158604317852,8.8981070356609,-0.213479007517618
"NER","Niger","Calcium",96.2561646210959,96.2362221578414,-0.0199424632545625
"NER","Niger","DHA+EPA fatty acids",84.1917831042694,84.0993399001745,-0.0924432040949493
"NER","Niger","Iron",12.6836812850605,12.6407670423253,-0.0429142427351865
"NER","Niger","Vitamin A",35.333957060636,35.3012865108045,-0.0326705498315312
"NER","Niger","Vitamin B-12",10.029327011394,9.88511149047386,-0.144215520920122
"NER","Niger","Zinc",44.6311833691441,44.4438646494153,-0.187318719728843
"NGA","Nigeria","Calcium",99.5748892736806,99.5576724100647,-0.0172168636159483
"NGA","Nigeria","DHA+EPA fatty acids",58.0443403993707,53.6120786217071,-4.43226177766357
"NGA","Nigeria","Iron",6.15483865553199,6.13719484761836,-0.0176438079136313
"NGA","Nigeria","Vitamin A",71.1555413779623,71.2118004076619,0.0562590296996795
"NGA","Nigeria","Vitamin B-12",73.3983820128901,72.8691271047204,-0.529254908169684
"NGA","Nigeria","Zinc",5.38350255512141,5.35547089157822,-0.0280316635431981
"NIC","Nicaragua","Calcium",87.0418617118871,86.9485389156188,-0.093322796268253
"NIC","Nicaragua","DHA+EPA fatty acids",81.7956726582738,79.3397292070198,-2.45594345125392
"NIC","Nicaragua","Iron",18.0040134578171,17.8356392133033,-0.168374244513745
"NIC","Nicaragua","Vitamin A",49.1275656238687,49.3488376478689,0.221272024000159
"NIC","Nicaragua","Vitamin B-12",2.05666126065768,1.87962009594731,-0.177041164710369
"NIC","Nicaragua","Zinc",11.0084082087931,10.855336839744,-0.153071369049065
"NLD","Netherlands","Calcium",52.2370736223519,51.8843692215275,-0.352704400824363
"NLD","Netherlands","DHA+EPA fatty acids",4.05978106133055,3.00468688581925,-1.05509417551129
"NLD","Netherlands","Iron",2.33432627320574,2.28448501136925,-0.0498412618364876
"NLD","Netherlands","Vitamin A",30.3146383920566,30.329941203598,0.0153028115413973
"NLD","Netherlands","Vitamin B-12",0.0937644854584949,0.073823058825901,-0.019941426632594
"NLD","Netherlands","Zinc",0.0082083374529861,0.00769541742801724,-0.000512920024968867
"NOR","Norway","Calcium",32.0243740686242,29.7346328130859,-2.28974125553834
"NOR","Norway","DHA+EPA fatty acids",0,0,0
"NOR","Norway","Iron",0.0118880728972329,0.00849820271225556,-0.00338987018497736
"NOR","Norway","Vitamin A",19.2149025408747,19.724627669187,0.509725128312364
"NOR","Norway","Vitamin B-12",3.89581443913404e-15,1.34410684529302e-17,-3.88237337068111e-15
"NOR","Norway","Zinc",0.00165391007845409,0.001494103293959,-0.000159806784495091
"NPL","Nepal","Calcium",93.3979246540077,93.3269959694599,-0.070928684547778
"NPL","Nepal","DHA+EPA fatty acids",82.749758813168,81.2753119545751,-1.47444685859285
"NPL","Nepal","Iron",6.91503373032111,6.86617781271979,-0.0488559176013188
"NPL","Nepal","Vitamin A",64.1352768738223,64.0611171191967,-0.0741597546255797
"NPL","Nepal","Vitamin B-12",3.38364656799572,3.246593366367,-0.137053201628717
"NPL","Nepal","Zinc",1.52118933493343,1.49305361941615,-0.0281357155172765
"NZL","New Zealand","Calcium",85.2297465577323,85.1182277367626,-0.111518820969727
"NZL","New Zealand","DHA+EPA fatty acids",0.0886344060226972,0,-0.0886344060226972
"NZL","New Zealand","Iron",1.09248643646577,1.08257696780611,-0.00990946865966793
"NZL","New Zealand","Vitamin A",0.178684121187645,0.195516525461905,0.0168324042742599
"NZL","New Zealand","Vitamin B-12",0.0312262900688954,0.0274877729014311,-0.00373851716746433
"NZL","New Zealand","Zinc",0.235119393196343,0.237827959588442,0.00270856639209937
"OMN","Oman","Calcium",50.314757041126,49.4445155303154,-0.870241510810612
"OMN","Oman","DHA+EPA fatty acids",0,0,0
"OMN","Oman","Iron",1.97736768422548,1.916337302829,-0.0610303813964792
"OMN","Oman","Vitamin A",32.7408328632356,32.8225789011038,0.081746037868202
"OMN","Oman","Vitamin B-12",0.00544729865182612,0.00215567540543124,-0.00329162324639488
"OMN","Oman","Zinc",0.0401986269840787,0.0375971026221338,-0.00260152436194463
"PAK","Pakistan","Calcium",87.3172179578504,87.2917148335169,-0.0255031243334772
"PAK","Pakistan","DHA+EPA fatty acids",93.8797128681487,93.5580853613854,-0.321627506763287
"PAK","Pakistan","Iron",19.4092499335688,19.3978412442853,-0.011408689283445
"PAK","Pakistan","Vitamin A",58.6868286907611,58.717180315667,0.0303516249058186
"PAK","Pakistan","Vitamin B-12",7.02400328979135,6.98496877270898,-0.0390345170823742
"PAK","Pakistan","Zinc",37.8645459352238,37.8610257629444,-0.00352017227944952
"PAN","Panama","Calcium",75.292308812812,74.8656482625177,-0.426660550294296
"PAN","Panama","DHA+EPA fatty acids",22.4095689376083,17.7907981462653,-4.61877079134296
"PAN","Panama","Iron",9.77219360565343,9.52855704590518,-0.24363655974826
"PAN","Panama","Vitamin A",15.3559709772346,15.7045901451244,0.348619167889783
"PAN","Panama","Vitamin B-12",5.99564180046538e-10,2.85326016973731e-10,-3.14238163072807e-10
"PAN","Panama","Zinc",0.941412724401903,0.89356563251278,-0.047847091889123
"PER","Peru","Calcium",83.3808564981134,82.5657761739026,-0.815080324210794
"PER","Peru","DHA+EPA fatty acids",0.63758887034881,0,-0.63758887034881
"PER","Peru","Iron",4.55105014559113,4.48766689451278,-0.0633832510783514
"PER","Peru","Vitamin A",3.99293045871848e-06,6.247079924212e-06,2.25414946549353e-06
"PER","Peru","Vitamin B-12",0,0,0
"PER","Peru","Zinc",4.19677154640022e-06,2.29806340018124e-06,-1.89870814621898e-06
"PHL","Philippines","Calcium",95.6679978483145,95.3741878225419,-0.293810025772576
"PHL","Philippines","DHA+EPA fatty acids",9.06658557612866,5.90404465898547,-3.16254091714319
"PHL","Philippines","Iron",13.8366263634003,13.5179810334711,-0.318645329929198
"PHL","Philippines","Vitamin A",81.0789829929614,81.3481415172106,0.269158524249182
"PHL","Philippines","Vitamin B-12",2.49211608945082,1.41467013757697,-1.07744595187385
"PHL","Philippines","Zinc",8.63157566546546,8.40109611513352,-0.230479550331941
"PLW","Palau","Calcium",99.2710779687851,99.2603833445178,-0.010694624267202
"PLW","Palau","DHA+EPA fatty acids",0,0,0
"PLW","Palau","Iron",84.5988683490272,83.0481128462552,-1.550755502772
"PLW","Palau","Vitamin A",96.5483992249332,96.5422405773678,-0.00615864756546038
"PLW","Palau","Vitamin B-12",46.3664688402204,42.5914144981647,-3.77505434205571
"PLW","Palau","Zinc",58.7437541540282,56.6231826151996,-2.12057153882861
"PNG","Papua New Guinea","Calcium",99.3297123929671,99.3235960082237,-0.00611638474333809
"PNG","Papua New Guinea","DHA+EPA fatty acids",32.8896308037422,29.7603675379778,-3.12926326576444
"PNG","Papua New Guinea","Iron",94.8783429937927,94.5605831136396,-0.317759880153155
"PNG","Papua New Guinea","Vitamin A",96.6214520930115,96.6200643034027,-0.00138778960881893
"PNG","Papua New Guinea","Vitamin B-12",9.14523838232586,5.49815322831101,-3.64708515401486
"PNG","Papua New Guinea","Zinc",88.5845809336343,88.4150128738226,-0.169568059811719
"POL","Poland","Calcium",52.7813326347592,52.4209356480715,-0.360396986687754
"POL","Poland","DHA+EPA fatty acids",4.05978106133055,3.00468688581925,-1.05509417551129
"POL","Poland","Iron",2.58814194385793,2.53308506016403,-0.0550568836938946
"POL","Poland","Vitamin A",30.9586246055815,30.9740055430486,0.0153809374671594
"POL","Poland","Vitamin B-12",0.0937644854584949,0.073823058825901,-0.019941426632594
"POL","Poland","Zinc",0.00811582010827986,0.00763095847543268,-0.000484861632847156
"PRI","Puerto Rico","Calcium",96.8760312946617,96.8738964243486,-0.00213487031308333
"PRI","Puerto Rico","DHA+EPA fatty acids",90.6870118079197,90.6565333165252,-0.0304784913944891
"PRI","Puerto Rico","Iron",89.2373137861487,89.2308054117967,-0.00650837435200415
"PRI","Puerto Rico","Vitamin A",92.4070123971823,92.4069509470988,-6.14500835492748e-05
"PRI","Puerto Rico","Vitamin B-12",79.8647319323535,79.8457716010943,-0.0189603312591327
"PRI","Puerto Rico","Zinc",81.8762403992089,81.8645891204281,-0.011651278780856
"PRK","North Korea","Calcium",99.267656834472,99.2601273157881,-0.00752951868389964
"PRK","North Korea","DHA+EPA fatty acids",15.139533119293,11.54497693055,-3.59455618874305
"PRK","North Korea","Iron",84.5941944496816,84.4976069517644,-0.0965874979171901
"PRK","North Korea","Vitamin A",92.6086351908686,92.6068980297161,-0.00173716115248652
"PRK","North Korea","Vitamin B-12",75.7363398071124,74.8083921326302,-0.927947674482193
"PRK","North Korea","Zinc",87.7789052013693,87.6735458136419,-0.105359387727396
"PRT","Portugal","Calcium",53.0162124009619,52.663667733253,-0.352544667708945
"PRT","Portugal","DHA+EPA fatty acids",4.05978106133055,3.00468688581925,-1.05509417551129
"PRT","Portugal","Iron",6.10112962711924,6.00295504047562,-0.0981745866436233
"PRT","Portugal","Vitamin A",31.4274290033933,31.4426489114351,0.0152199080417269
"PRT","Portugal","Vitamin B-12",0.0937644854584949,0.073823058825901,-0.019941426632594
"PRT","Portugal","Zinc",0.536073266017434,0.505740059607661,-0.0303332064097733
"PRY","Paraguay","Calcium",97.7655887177731,97.7339157958532,-0.0316729219198965
"PRY","Paraguay","DHA+EPA fatty acids",84.6791940952937,83.5864689913589,-1.09272510393479
"PRY","Paraguay","Iron",11.0648743338014,11.0383315236665,-0.0265428101348855
"PRY","Paraguay","Vitamin A",2.13389878913792e-06,2.1133659994836e-06,-2.05327896543187e-08
"PRY","Paraguay","Vitamin B-12",0,0,0
"PRY","Paraguay","Zinc",0.0280084218141523,0.0270552470289601,-0.00095317478519227
"PSE","Palestinian Territories","Calcium",97.0124252067495,97.0074808663498,-0.00494434039969
"PSE","Palestinian Territories","DHA+EPA fatty acids",82.1420809326075,81.2437568086947,-0.89832412391282
"PSE","Palestinian Territories","Iron",95.8797220499831,95.8619410709902,-0.0177809789928514
"PSE","Palestinian Territories","Vitamin A",92.7676680461596,92.7672478963146,-0.000420149845024653
"PSE","Palestinian Territories","Vitamin B-12",80.7857015678454,80.5949969302104,-0.190704637635002
"PSE","Palestinian Territories","Zinc",94.760588558875,94.7431514940896,-0.0174370647854055
"QAT","Qatar","Calcium",96.3367121221917,96.2886137341231,-0.0480983880686374
"QAT","Qatar","DHA+EPA fatty acids",3.79851621982685,2.70558749375237,-1.09292872607448
"QAT","Qatar","Iron",91.9103924816054,91.7509417249684,-0.159450756636998
"QAT","Qatar","Vitamin A",92.7038825835289,92.7001777052401,-0.00370487828877977
"QAT","Qatar","Vitamin B-12",57.0942246887167,55.271883945423,-1.82234074329367
"QAT","Qatar","Zinc",83.2211445283651,82.9592605057966,-0.261884022568526
"ROU","Romania","Calcium",52.5352999513232,52.1731670179949,-0.362132933328382
"ROU","Romania","DHA+EPA fatty acids",4.05978106133055,3.00468688581925,-1.05509417551129
"ROU","Romania","Iron",2.56300692185927,2.50740872303694,-0.0555981988223317
"ROU","Romania","Vitamin A",31.2226067781719,31.2379657034707,0.0153589252987574
"ROU","Romania","Vitamin B-12",0.0937644854584949,0.073823058825901,-0.019941426632594
"ROU","Romania","Zinc",0.00823655529841699,0.00774807575982507,-0.000488479538591915
"RUS","Russia","Calcium",60.6577750559557,60.2814641669021,-0.376310889053647
"RUS","Russia","DHA+EPA fatty acids",0.0365070325536947,0,-0.0365070325536947
"RUS","Russia","Iron",0.262470856880212,0.255375039857187,-0.0070958170230235
"RUS","Russia","Vitamin A",0.482384251803084,0.489733177238339,0.00734892543525495
"RUS","Russia","Vitamin B-12",3.7508186524185e-17,6.60852817061228e-18,-3.08996583535725e-17
"RUS","Russia","Zinc",0.0015411007682462,0.00145559790280219,-8.55028654440141e-05
"RWA","Rwanda","Calcium",93.3559951506098,93.2595649991016,-0.0964301515081448
"RWA","Rwanda","DHA+EPA fatty acids",64.3353821133829,62.4744368041947,-1.86094530918814
"RWA","Rwanda","Iron",3.40923557162549,3.33895793038391,-0.0702776412415799
"RWA","Rwanda","Vitamin A",0.695858964929882,0.690372594480993,-0.00548637044888963
"RWA","Rwanda","Vitamin B-12",34.2371695430693,33.3761284026863,-0.861041140383059
"RWA","Rwanda","Zinc",8.83357130186747,8.65417336322782,-0.179397938639647
"SAU","Saudi Arabia","Calcium",76.4791035282664,76.2174259434128,-0.26167758485366
"SAU","Saudi Arabia","DHA+EPA fatty acids",37.42766390824,34.0081514426686,-3.41951246557146
"SAU","Saudi Arabia","Iron",0.500651461449743,0.485735713657484,-0.0149157477922596
"SAU","Saudi Arabia","Vitamin A",53.5886688890551,53.6674598828574,0.0787909938022952
"SAU","Saudi Arabia","Vitamin B-12",11.1086126327038,10.6920332919327,-0.416579340771094
"SAU","Saudi Arabia","Zinc",0.0922689653461774,0.0872705029941027,-0.00499846235207459
"SDN","Sudan","Calcium",99.2555261983342,99.2549752078859,-0.000550990448279976
"SDN","Sudan","DHA+EPA fatty acids",88.5689492119268,88.4177917960531,-0.151157415873658
"SDN","Sudan","Iron",95.7411487461551,95.7323214895146,-0.0088272566404946
"SDN","Sudan","Vitamin A",90.7725267138093,90.7721111273973,-0.000415586412023927
"SDN","Sudan","Vitamin B-12",89.6721357346643,89.6262545645709,-0.0458811700934063
"SDN","Sudan","Zinc",95.1618776670282,95.1505276176526,-0.0113500493756177
"SEN","Senegal","Calcium",99.3896200943676,99.3652934175912,-0.024326676776355
"SEN","Senegal","DHA+EPA fatty acids",20.2304365976996,18.1467626169096,-2.08367398079002
"SEN","Senegal","Iron",0,0,0
"SEN","Senegal","Vitamin A",70.6935172155782,70.6397508099881,-0.0537664055900862
"SEN","Senegal","Vitamin B-12",1.8704532142072,1.48789080390715,-0.382562410300047
"SEN","Senegal","Zinc",0,0,0
"SGP","Singapore","Calcium",98.7778044032927,98.7135006901504,-0.0643037131423895
"SGP","Singapore","DHA+EPA fatty acids",0,0,0
"SGP","Singapore","Iron",90.1408791842519,89.4005924224788,-0.740286761773132
"SGP","Singapore","Vitamin A",96.6029766692812,96.5999984284705,-0.0029782408106346
"SGP","Singapore","Vitamin B-12",10.5025891016676,7.00959241127737,-3.49299669039022
"SGP","Singapore","Zinc",71.3844602625278,70.485164731619,-0.899295530908785
"SLB","Solomon Islands","Calcium",82.2878347388037,82.1653717343615,-0.122463004442167
"SLB","Solomon Islands","DHA+EPA fatty acids",23.2490809131522,20.028695015155,-3.22038589799721
"SLB","Solomon Islands","Iron",70.5177542622574,70.3154039899802,-0.202350272277192
"SLB","Solomon Islands","Vitamin A",0.000284498184681203,0.000289318168253976,4.81998357277222e-06
"SLB","Solomon Islands","Vitamin B-12",10.0886658095998,6.95664758175832,-3.13201822784152
"SLB","Solomon Islands","Zinc",66.441619663786,66.3857558406961,-0.0558638230898907
"SLE","Sierra Leone","Calcium",99.6969473092831,99.6829478432483,-0.0139994660348599
"SLE","Sierra Leone","DHA+EPA fatty acids",4.96227723036026,2.76322728023998,-2.19904995012028
"SLE","Sierra Leone","Iron",35.0312997747523,34.6407766715868,-0.390523103165481
"SLE","Sierra Leone","Vitamin A",54.9961196079753,54.9432462367198,-0.0528733712554545
"SLE","Sierra Leone","Vitamin B-12",29.1037830424739,26.9566676391791,-2.1471154032948
"SLE","Sierra Leone","Zinc",48.8987648774274,48.3203249520146,-0.578439925412806
"SLV","El Salvador","Calcium",81.0963185925035,81.0193856868484,-0.0769329056551072
"SLV","El Salvador","DHA+EPA fatty acids",76.4157614638212,72.8749801376851,-3.5407813261362
"SLV","El Salvador","Iron",5.34282179851884,5.29813689156072,-0.0446849069581205
"SLV","El Salvador","Vitamin A",50.8669916294748,51.0779701591482,0.210978529673426
"SLV","El Salvador","Vitamin B-12",24.326747494254,23.752395510646,-0.574351983608053
"SLV","El Salvador","Zinc",4.59308716236322,4.53972608654991,-0.0533610758133085
"SMR","San Marino","Calcium",97.0996030941079,97.099603085226,-8.88197035919802e-09
"SMR","San Marino","DHA+EPA fatty acids",94.580557345685,94.5804143369365,-0.000143008748509033
"SMR","San Marino","Iron",94.4757526793359,94.4757509114738,-1.76786209777902e-06
"SMR","San Marino","Vitamin A",92.7757787277528,92.7757787004455,-2.73073496259713e-08
"SMR","San Marino","Vitamin B-12",84.2858073446311,84.2857968930489,-1.04515822574314e-05
"SMR","San Marino","Zinc",87.5736498849267,87.5736441076115,-5.77731516990809e-06
"SOM","Somalia","Calcium",99.2509662060512,99.2504557998684,-0.000510406182799627
"SOM","Somalia","DHA+EPA fatty acids",85.7349766204006,85.524264355779,-0.210712264621576
"SOM","Somalia","Iron",99.1505850574609,99.149142633799,-0.00144242366186838
"SOM","Somalia","Vitamin A",90.7702190624558,90.7699978843902,-0.000221178065563521
"SOM","Somalia","Vitamin B-12",89.3607293269959,89.3319891647017,-0.0287401622942646
"SOM","Somalia","Zinc",99.4371772002677,99.4362827806725,-0.000894419595204354
"SRB","Serbia","Calcium",58.0506170419839,57.9277651685397,-0.122851873444181
"SRB","Serbia","DHA+EPA fatty acids",72.0412415288253,69.1567664787563,-2.88447505006906
"SRB","Serbia","Iron",0.826861114554135,0.817149293544053,-0.00971182101008288
"SRB","Serbia","Vitamin A",34.8181718821772,34.9698933668374,0.151721484660189
"SRB","Serbia","Vitamin B-12",4.04907244088525,3.77230354414016,-0.276768896745093
"SRB","Serbia","Zinc",0.00805463177112087,0.00793038124047843,-0.000124250530642448
"STP","São Tomé & Príncipe","Calcium",96.8731426903091,96.76593012869,-0.107212561619092
"STP","São Tomé & Príncipe","DHA+EPA fatty acids",0,0,0
"STP","São Tomé & Príncipe","Iron",47.3226176713088,46.5166636384744,-0.80595403283445
"STP","São Tomé & Príncipe","Vitamin A",78.0902081686871,78.0321909033921,-0.0580172652950082
"STP","São Tomé & Príncipe","Vitamin B-12",32.2499532857009,29.8460269816783,-2.40392630402261
"STP","São Tomé & Príncipe","Zinc",81.2287877362689,80.726827382489,-0.501960353779809
"SUR","Suriname","Calcium",99.2129935041249,99.1330320934195,-0.0799614107054207
"SUR","Suriname","DHA+EPA fatty acids",16.8247526053923,15.2918623670897,-1.53289023830261
"SUR","Suriname","Iron",9.66152296848203,9.4060639151047,-0.25545905337734
"SUR","Suriname","Vitamin A",81.3512496596754,81.5611453477285,0.209895688053035
"SUR","Suriname","Vitamin B-12",2.53199255013771,1.93293496403261,-0.599057586105104
"SUR","Suriname","Zinc",2.93939164597847,2.61957571834674,-0.31981592763173
"SVK","Slovakia","Calcium",52.9478686069477,52.5888178813092,-0.359050725638509
"SVK","Slovakia","DHA+EPA fatty acids",4.05978106133055,3.00468688581925,-1.05509417551129
"SVK","Slovakia","Iron",2.45313111136114,2.40022512775947,-0.0529059836016654
"SVK","Slovakia","Vitamin A",31.0970101565561,31.1123601286312,0.0153499720751744
"SVK","Slovakia","Vitamin B-12",0.0937644854584949,0.073823058825901,-0.019941426632594
"SVK","Slovakia","Zinc",0.0112464791382656,0.0106310309590897,-0.000615448179175852
"SVN","Slovenia","Calcium",52.7294978501431,52.3727192456176,-0.356778604525543
"SVN","Slovenia","DHA+EPA fatty acids",4.05978106133055,3.00468688581925,-1.05509417551129
"SVN","Slovenia","Iron",2.53195486851817,2.47675768072653,-0.0551971877916418
"SVN","Slovenia","Vitamin A",30.4356304027659,30.4510366382725,0.0154062355065698
"SVN","Slovenia","Vitamin B-12",0.0937644854584949,0.073823058825901,-0.019941426632594
"SVN","Slovenia","Zinc",0.00886798094722136,0.00835520668351221,-0.000512774263709149
"SWE","Sweden","Calcium",52.3691647046416,52.0180874171078,-0.351077287533784
"SWE","Sweden","DHA+EPA fatty acids",4.05978106133055,3.00468688581925,-1.05509417551129
"SWE","Sweden","Iron",2.43666752442768,2.38292275137255,-0.0537447730551366
"SWE","Sweden","Vitamin A",30.4904400510202,30.5057182532403,0.0152782022200947
"SWE","Sweden","Vitamin B-12",0.0937644854584949,0.073823058825901,-0.019941426632594
"SWE","Sweden","Zinc",0.00744834689771271,0.0069905607962609,-0.000457786101451824
"SWZ","Eswatini","Calcium",97.7579448292877,97.7500111497701,-0.0079336795176193
"SWZ","Eswatini","DHA+EPA fatty acids",84.2624429588176,83.7530298721386,-0.509413086678978
"SWZ","Eswatini","Iron",38.0839886300783,37.9750789133893,-0.108909716688975
"SWZ","Eswatini","Vitamin A",33.482666191672,33.4607111085609,-0.0219550831111154
"SWZ","Eswatini","Vitamin B-12",1.34909715786025,1.29987207714489,-0.0492250807153535
"SWZ","Eswatini","Zinc",74.6679054266968,74.5718585321638,-0.0960468945329633
"SYC","Seychelles","Calcium",94.7902153829758,93.6404809624145,-1.14973442056127
"SYC","Seychelles","DHA+EPA fatty acids",0,0,0
"SYC","Seychelles","Iron",82.2225548376929,80.1902134405346,-2.03234139715836
"SYC","Seychelles","Vitamin A",90.6957303537426,90.6893067529644,-0.00642360077811687
"SYC","Seychelles","Vitamin B-12",8.61657802028883e-08,6.11483008537856e-10,-8.55542971943504e-08
"SYC","Seychelles","Zinc",52.8096356841328,46.1127916742511,-6.69684400988174
"SYR","Syria","Calcium",97.0528434829304,97.0502230532972,-0.00262042963316809
"SYR","Syria","DHA+EPA fatty acids",86.9715880455415,86.4521997328732,-0.519388312668274
"SYR","Syria","Iron",96.0689861188628,96.0612353890317,-0.00775072983113105
"SYR","Syria","Vitamin A",92.7705060205078,92.7702361936229,-0.000269826884893476
"SYR","Syria","Vitamin B-12",82.5078511942826,82.4145316294228,-0.0933195648598133
"SYR","Syria","Zinc",94.9608789205448,94.9539988340595,-0.0068800864853138
"TCD","Chad","Calcium",96.700005301352,96.6856248851936,-0.0143804161583748
"TCD","Chad","DHA+EPA fatty acids",74.9621070691181,73.8218110252401,-1.14029604387802
"TCD","Chad","Iron",57.0020803001055,56.8103833768688,-0.191696923236729
"TCD","Chad","Vitamin A",13.4576999280919,13.4327344264841,-0.0249655016077849
"TCD","Chad","Vitamin B-12",1.63620977189492e-11,1.37796344651576e-11,-2.58246325379156e-12
"TCD","Chad","Zinc",36.3052151269827,36.0258967064493,-0.279318420533424
"TGO","Togo","Calcium",99.8564068205933,99.8520176800631,-0.00438914053027552
"TGO","Togo","DHA+EPA fatty acids",55.5139729182063,53.3444637977271,-2.16950912047919
"TGO","Togo","Iron",5.72929910821773,5.67704717791807,-0.0522519302996602
"TGO","Togo","Vitamin A",91.0034710046498,90.9904086353628,-0.0130623692870518
"TGO","Togo","Vitamin B-12",70.6573933817276,70.2114338024952,-0.44595957923239
"TGO","Togo","Zinc",3.40633939832442,3.31020451802989,-0.0961348802945298
"THA","Thailand","Calcium",95.64921917956,95.424878807293,-0.224340372266989
"THA","Thailand","DHA+EPA fatty acids",0.849420559296463,0.127376763202711,-0.722043796093752
"THA","Thailand","Iron",15.4197077874347,14.8839662568122,-0.535741530622483
"THA","Thailand","Vitamin A",2.95459477314296,3.21245231192353,0.257857538780563
"THA","Thailand","Vitamin B-12",3.22282690438859,2.26421619629423,-0.958610708094358
"THA","Thailand","Zinc",14.8263672564959,14.2758301740276,-0.550537082468352
"TJK","Tajikistan","Calcium",95.2783951269795,95.3081322274525,0.0297371004730127
"TJK","Tajikistan","DHA+EPA fatty acids",96.772276642168,96.7426288014938,-0.0296478406741523
"TJK","Tajikistan","Iron",19.901956031548,19.9929365018475,0.0909804702995412
"TJK","Tajikistan","Vitamin A",3.15172759321433,3.24749726517377,0.0957696719594466
"TJK","Tajikistan","Vitamin B-12",8.81897120414369,9.08904620161922,0.270074997475537
"TJK","Tajikistan","Zinc",47.3567867768752,47.57923979032,0.222453013444849
"TKM","Turkmenistan","Calcium",64.7016813439438,64.9654349826577,0.263753638713956
"TKM","Turkmenistan","DHA+EPA fatty acids",67.1559279816773,65.472820692915,-1.68310728876232
"TKM","Turkmenistan","Iron",4.63355704035254,4.68095154997236,0.0473945096198202
"TKM","Turkmenistan","Vitamin A",22.004551341811,22.466542511455,0.461991169644014
"TKM","Turkmenistan","Vitamin B-12",0.00118668292240661,0.00139478312662793,0.000208100204221322
"TKM","Turkmenistan","Zinc",6.7353059000961,7.02459542947777,0.289289529381672
"TLS","Timor-Leste","Calcium",98.4620021816065,98.4403682845522,-0.0216338970542353
"TLS","Timor-Leste","DHA+EPA fatty acids",61.9401654930089,60.8869527678888,-1.05321272512002
"TLS","Timor-Leste","Iron",12.7794550233001,12.6889945235396,-0.0904604997604622
"TLS","Timor-Leste","Vitamin A",91.4799489222143,91.4575486096794,-0.0224003125348428
"TLS","Timor-Leste","Vitamin B-12",63.9780313574033,63.5266408444652,-0.451390512938101
"TLS","Timor-Leste","Zinc",19.4995536105275,19.3138793615421,-0.18567424898545
"TON","Tonga","Calcium",99.3450788226162,99.340319846249,-0.00475897636719829
"TON","Tonga","DHA+EPA fatty acids",21.5101919548643,18.2944361508758,-3.21575580398856
"TON","Tonga","Iron",95.9601330934023,95.7732925268528,-0.186840566549489
"TON","Tonga","Vitamin A",96.6059994109095,96.6036175661607,-0.00238184474876242
"TON","Tonga","Vitamin B-12",48.6411932911548,45.1520964266533,-3.48909686450147
"TON","Tonga","Zinc",86.7801226963114,86.4557409585775,-0.324381737733907
"TTO","Trinidad & Tobago","Calcium",74.4671742551418,74.0149623402228,-0.45221191491896
"TTO","Trinidad & Tobago","DHA+EPA fatty acids",19.9528847655716,14.491515460389,-5.46136930518262
"TTO","Trinidad & Tobago","Iron",0.279490112363086,0.266092383720566,-0.0133977286425178
"TTO","Trinidad & Tobago","Vitamin A",40.7809664532541,41.1083381819443,0.327371728690185
"TTO","Trinidad & Tobago","Vitamin B-12",2.68026081419915,2.24933310951084,-0.43092770468831
"TTO","Trinidad & Tobago","Zinc",0.10739450285789,0.0949488830177251,-0.0124456198401644
"TUN","Tunisia","Calcium",51.8143225365111,51.3336957510192,-0.480626785491882
"TUN","Tunisia","DHA+EPA fatty acids",8.05713029104266,2.27942652624944,-5.77770376479323
"TUN","Tunisia","Iron",0.00637356510101682,0.00577104043365438,-0.000602524667362428
"TUN","Tunisia","Vitamin A",2.76535252207211,2.91769813284731,0.152345610775191
"TUN","Tunisia","Vitamin B-12",0.944672796380789,0.569959404959464,-0.374713391421324
"TUN","Tunisia","Zinc",0.999566695691966,0.93397976292046,-0.0655869327715057
"TUR","Turkey","Calcium",48.0900066458025,48.2474838593082,0.157477213505683
"TUR","Turkey","DHA+EPA fatty acids",59.1446193146622,56.05339467314,-3.09122464152225
"TUR","Turkey","Iron",0.569355602073641,0.572694629816077,0.00333902774243635
"TUR","Turkey","Vitamin A",3.61370225195877,3.70534322369076,0.0916409717319916
"TUR","Turkey","Vitamin B-12",0.486187293702953,0.487407385163683,0.00122009146073084
"TUR","Turkey","Zinc",0.255335770294195,0.263737997228377,0.00840222693418286
"TUV","Tuvalu","Calcium",99.1978278016326,99.1807867759381,-0.0170410256945065
"TUV","Tuvalu","DHA+EPA fatty acids",0,0,0
"TUV","Tuvalu","Iron",79.6157741796831,76.7704191740955,-2.84535500558762
"TUV","Tuvalu","Vitamin A",96.5776816738766,96.5734362600206,-0.00424541385604975
"TUV","Tuvalu","Vitamin B-12",5.22504402070713e-15,6.63171788365941e-19,-5.22438084891876e-15
"TUV","Tuvalu","Zinc",79.2480837240432,78.1258048928811,-1.12227883116209
"TWN","Taiwan","Calcium",80.117324110609,79.1921409804865,-0.925183130122544
"TWN","Taiwan","DHA+EPA fatty acids",2.4408805271115,2.15702416171363,-0.283856365397874
"TWN","Taiwan","Iron",3.14807685419343,3.00589122324939,-0.142185630944035
"TWN","Taiwan","Vitamin A",15.9638389490882,16.1478756933173,0.184036744229083
"TWN","Taiwan","Vitamin B-12",0.00387874988072737,0.0018324488772168,-0.00204630100351056
"TWN","Taiwan","Zinc",0.422057285904025,0.402829851342284,-0.0192274345617415
"TZA","Tanzania","Calcium",96.4731970188894,96.4482008804167,-0.0249961384726579
"TZA","Tanzania","DHA+EPA fatty acids",74.2370797930325,73.0515796433111,-1.18550014972135
"TZA","Tanzania","Iron",11.1181269390388,11.0539063803704,-0.0642205586684053
"TZA","Tanzania","Vitamin A",6.93953472149421,6.92037513340727,-0.0191595880869348
"TZA","Tanzania","Vitamin B-12",73.104539492064,72.7102958479885,-0.394243644075503
"TZA","Tanzania","Zinc",4.6678417988875,4.59566962246747,-0.0721721764200285
"UGA","Uganda","Calcium",95.1356892972243,95.0364022031168,-0.0992870941074592
"UGA","Uganda","DHA+EPA fatty acids",55.8414967349456,53.6852722139495,-2.15622452099606
"UGA","Uganda","Iron",14.132336184561,14.004218263188,-0.128117921373038
"UGA","Uganda","Vitamin A",11.5410393000392,11.5134812930436,-0.0275580069956355
"UGA","Uganda","Vitamin B-12",47.5378543004351,46.9239077123582,-0.613946588076854
"UGA","Uganda","Zinc",11.4598062618121,11.2664228567919,-0.193383405020126
"UKR","Ukraine","Calcium",68.0069855786401,67.5855812280692,-0.421404350570912
"UKR","Ukraine","DHA+EPA fatty acids",16.0808331751802,13.7962640650303,-2.2845691101499
"UKR","Ukraine","Iron",1.39510969667558,1.37264066638478,-0.0224690302908039
"UKR","Ukraine","Vitamin A",1.17299316885406,1.18514484066669,0.0121516718126313
"UKR","Ukraine","Vitamin B-12",0.0868838053682613,0.0475985530878029,-0.0392852522804585
"UKR","Ukraine","Zinc",0.765238697572512,0.758749821908041,-0.00648887566447162
"URY","Uruguay","Calcium",65.1433214535462,64.8805907492878,-0.262730704258381
"URY","Uruguay","DHA+EPA fatty acids",49.541948571308,46.5014839364902,-3.04046463481777
"URY","Uruguay","Iron",2.77674571612492,2.73373084724158,-0.0430148688833383
"URY","Uruguay","Vitamin A",0.000108515764691955,0.000116109340259968,7.59357556801352e-06
"URY","Uruguay","Vitamin B-12",8.18710139226681e-13,4.78677731407431e-13,-3.40032407819248e-13
"URY","Uruguay","Zinc",0.00100103264883101,0.000975842361426946,-2.51902874040604e-05
"USA","United States","Calcium",41.9805230820566,41.8739215599386,-0.106601522117957
"USA","United States","DHA+EPA fatty acids",0.20442297035374,0.0653833585251074,-0.139039611828632
"USA","United States","Iron",1.81373674917637,1.79766003492011,-0.0160767142562624
"USA","United States","Vitamin A",8.05649815819289,8.12241640461235,0.0659182464194513
"USA","United States","Vitamin B-12",0.00222212719394224,0.0017975352018326,-0.000424591992109632
"USA","United States","Zinc",0.000159971007842274,0.000157216368694591,-2.75463914768257e-06
"UZB","Uzbekistan","Calcium",10.0244295449828,10.3908004399528,0.366370894969978
"UZB","Uzbekistan","DHA+EPA fatty acids",71.3900142585931,69.7807053883182,-1.60930887027488
"UZB","Uzbekistan","Iron",3.80177228536167,3.84069280998492,0.0389205246232507
"UZB","Uzbekistan","Vitamin A",0,0,0
"UZB","Uzbekistan","Vitamin B-12",2.93273627575324e-13,4.57306136120237e-13,1.64032508544915e-13
"UZB","Uzbekistan","Zinc",2.87917889008182,3.00896688624657,0.129787996164754
"VCT","St. Vincent & Grenadines","Calcium",79.2999605133693,78.9433115946528,-0.356648918716488
"VCT","St. Vincent & Grenadines","DHA+EPA fatty acids",1.59951387521659,1.10566655890175,-0.493847316314842
"VCT","St. Vincent & Grenadines","Iron",1.55135921827026,1.49698854734891,-0.054370670921343
"VCT","St. Vincent & Grenadines","Vitamin A",8.41941894162189,8.72352923729493,0.304110295673042
"VCT","St. Vincent & Grenadines","Vitamin B-12",0.000538002299946255,0.000240613519726904,-0.000297388780219351
"VCT","St. Vincent & Grenadines","Zinc",0.991957414255103,0.921072944265006,-0.0708844699900977
"VEN","Venezuela","Calcium",99.6648436976403,99.657156725124,-0.00768697251634194
"VEN","Venezuela","DHA+EPA fatty acids",57.7148621021746,54.8310715478033,-2.88379055437129
"VEN","Venezuela","Iron",25.727590825753,25.3659424655528,-0.361648360200182
"VEN","Venezuela","Vitamin A",33.6895753539504,34.0497699922675,0.360194638317039
"VEN","Venezuela","Vitamin B-12",0.000214364296807775,0.000157316541580255,-5.7047755227519e-05
"VEN","Venezuela","Zinc",12.7121779261075,12.4726106840652,-0.23956724204231
"VNM","Vietnam","Calcium",87.2689616469408,85.276440010242,-1.99252163669878
"VNM","Vietnam","DHA+EPA fatty acids",0,0,0
"VNM","Vietnam","Iron",4.10176060496389,3.75958497759247,-0.342175627371432
"VNM","Vietnam","Vitamin A",3.21585289676147,3.35958829829696,0.143735401535482
"VNM","Vietnam","Vitamin B-12",1.13937341556873e-08,4.85981807603837e-10,-1.09077523480835e-08
"VNM","Vietnam","Zinc",0.0402981731449134,0.0324229243743608,-0.00787524877055272
"VUT","Vanuatu","Calcium",97.3585483957183,97.2791832277414,-0.0793651679769322
"VUT","Vanuatu","DHA+EPA fatty acids",0,0,0
"VUT","Vanuatu","Iron",0.0001324168739236,6.06355417495154e-05,-7.17813321740843e-05
"VUT","Vanuatu","Vitamin A",85.472582857069,85.5742447757254,0.101661918656504
"VUT","Vanuatu","Vitamin B-12",0,0,0
"VUT","Vanuatu","Zinc",1.00886572963883,0.911446924354047,-0.0974188052847869
"WSM","Samoa","Calcium",43.0301071042107,38.9245602234522,-4.10554688075848
"WSM","Samoa","DHA+EPA fatty acids",0,0,0
"WSM","Samoa","Iron",0.0310400762536151,0.0196806244238795,-0.0113594518297355
"WSM","Samoa","Vitamin A",1.52931674255182,1.72570306323419,0.196386320682377
"WSM","Samoa","Vitamin B-12",0,0,0
"WSM","Samoa","Zinc",0.14330208134461,0.11469133616515,-0.0286107451794595
"YEM","Yemen","Calcium",94.7503987637813,94.7363037333061,-0.0140950304752195
"YEM","Yemen","DHA+EPA fatty acids",79.1396218340855,78.0215734819289,-1.11804835215657
"YEM","Yemen","Iron",8.36030534749948,8.34302960293025,-0.0172757445692292
"YEM","Yemen","Vitamin A",82.3964358361931,82.4072743117097,0.0108384755165527
"YEM","Yemen","Vitamin B-12",35.3169704140717,34.9637303071859,-0.353240106885763
"YEM","Yemen","Zinc",49.3020910822549,49.2523231449773,-0.0497679372776188
"ZAF","South Africa","Calcium",97.1972302656583,97.1759514879861,-0.021278777672195
"ZAF","South Africa","DHA+EPA fatty acids",59.0201919074398,57.5847802961737,-1.43541161126608
"ZAF","South Africa","Iron",7.17885670810988,7.16067338687152,-0.0181833212383584
"ZAF","South Africa","Vitamin A",18.7206570457315,18.765290713078,0.044633667346497
"ZAF","South Africa","Vitamin B-12",0.101010874572369,0.0972058057493665,-0.00380506882300306
"ZAF","South Africa","Zinc",0.194826527006842,0.192867858662495,-0.00195866834434673
"ZMB","Zambia","Calcium",98.1484760118405,98.1227212813179,-0.0257547305226705
"ZMB","Zambia","DHA+EPA fatty acids",48.6666537028653,46.4826912480467,-2.18396245481861
"ZMB","Zambia","Iron",13.8988120906493,13.7802806216014,-0.118531469047875
"ZMB","Zambia","Vitamin A",66.3158899647597,66.2768446300915,-0.0390453346682007
"ZMB","Zambia","Vitamin B-12",8.2259454201061,7.80620179064524,-0.419743629460873
"ZMB","Zambia","Zinc",4.67145433009848,4.56101676842859,-0.110437561669895
"ZWE","Zimbabwe","Calcium",98.3877724706727,98.3736971863385,-0.0140752843341343
"ZWE","Zimbabwe","DHA+EPA fatty acids",82.62369289316,81.8927099817204,-0.73098291143957
"ZWE","Zimbabwe","Iron",8.56190243422861,8.53181163584001,-0.0300907983885934
"ZWE","Zimbabwe","Vitamin A",85.2902489909597,85.2884056711363,-0.00184331982333816
"ZWE","Zimbabwe","Vitamin B-12",56.3311158919248,56.1961934321957,-0.134922459729107
"ZWE","Zimbabwe","Zinc",4.42518138555817,4.36915578836405,-0.0560255971941194
